This is a multi-thread run using 20 threads
/users/PAS0291/aniketmandal95/qctrunk2/exe/qcprog.exe .ch3cl_xas.in.178128.qcin.1 /tmp/slurmtmp.24299936/qchem178128/

                  Welcome to Q-Chem
     A Quantum Leap Into The Future Of Chemistry


 Q-Chem 6.1 (devel), Q-Chem, Inc., Pleasanton, CA (2022)

 E. Epifanovsky,  A. T. B. Gilbert,  Xintian Feng,  Joonho Lee,  Yuezhi Mao,  
 N. Mardirossian,  P. Pokhilko,  A. White,  M. Wormit,  M. P. Coons,  
 A. L. Dempwolff,  Zhengting Gan,  D. Hait,  P. R. Horn,  L. D. Jacobson,  
 I. Kaliman,  J. Kussmann,  A. W. Lange,  Ka Un Lao,  D. S. Levine,  Jie Liu,  
 S. C. McKenzie,  A. F. Morrison,  K. D. Nanda,  F. Plasser,  D. R. Rehn,  
 M. L. Vidal,  Zhi-Qiang You,  Ying Zhu,  B. Alam,  B. Albrecht,  
 A. Aldossary,  E. Alguire,  J. H. Andersen,  V. Athavale,  D. Barton,  
 K. Begam,  A. Behn,  N. Bellonzi,  Y. A. Bernard,  E. J. Berquist,  
 H. Burton,  A. Carreras,  K. Carter-Fenk,  Mathew Chow,  Romit Chakraborty,  
 Chandrima Chakravarty,  Junhan Chen,  A. D. Chien,  K. D. Closser,  
 V. Cofer-Shabica,  L. Cunha,  S. Dasgupta,  Jia Deng,  M. de Wergifosse,  
 M. Diedenhofen,  Hainam Do,  S. Ehlert,  Po-Tung Fang,  S. Fatehi,  
 Qingguo Feng,  T. Friedhoff,  Thomas Froitzheim,  B. Ganoe,  J. Gayvert,  
 Qinghui Ge,  G. Gidofalvi,  M. Gimferrer,  M. Goldey,  Montgomery Gray,  
 J. Gomes,  C. Gonzalez-Espinoza,  S. Gulania,  A. Gunina,  J. A. Gyamfi,  
 M. W. D. Hanson-Heine,  P. H. P. Harbach,  A. W. Hauser,  M. F. Herbst,  
 M. Hernandez Vera,  M. Hodecker,  Z. C. Holden,  S. Houck,  Xunkun Huang,  
 Kerwin Hui,  B. C. Huynh,  K. Ikeda,  M. Ivanov,  Hyunjun Ji,  Zuxin Jin,  
 Hanjie Jiang,  Subrata Jana,  B. Kaduk,  S. Kaehler,  R. Kang,  
 K. Khistyaev,  Jaehoon Kim,  Yongbin Kim,  P. Klunzinger,  Z. Koczor-Benda,  
 Joong Hoon Koh,  D. Kosenkov,  Saikiran Kotaru,  L. Koulias,  T. Kowalczyk,  
 C. M. Krauter,  K. Kue,  A. Kunitsa,  T. Kus,  A. Landau,  K. V. Lawler,  
 D. Lefrancois,  S. Lehtola,  Rain Li,  Shaozhi Li,  Yi-Pei Li,  
 Jiashu Liang,  M. Liebenthal,  Hung-Hsuan Lin,  You-Sheng Lin,  Fenglai Liu,  
 Kuan-Yu Liu,  Xiao Liu,  M. Loipersberger,  A. Luenser,  C. Malbon,  
 A. Manjanath,  P. Manohar,  E. Mansoor,  S. F. Manzer,  Shan-Ping Mao,  
 A. V. Marenich,  T. Markovich,  S. Mason,  F. Matz,  S. A. Maurer,  
 P. F. McLaughlin,  M. F. S. J. Menger,  J.-M. Mewes,  S. A. Mewes,  
 P. Morgante,  Mohammad Mostafanejad,  J. W. Mullinax,  K. J. Oosterbaan,  
 G. Paran,  V. Parravicini,  Alexander C. Paul,  Suranjan K. Paul,  
 F. Pavosevic,  Zheng Pei,  S. Prager,  E. I. Proynov,  E. Ramos,  B. Rana,  
 A. E. Rask,  A. Rettig,  R. M. Richard,  F. Rob,  E. Rossomme,  T. Scheele,  
 M. Scheurer,  M. Schneider,  P. E. Schneider,  Tim K. Schramm,  N. Sergueev,  
 S. M. Sharada,  M. Sharma,  Hengyuan Shen,  W. Skomorowski,  D. W. Small,  
 C. J. Stein,  Alistair J. Sterling,  Yingli Su,  Yu-Chuan Su,  
 E. J. Sundstrom,  J. Talbot,  Zhen Tao,  J. Thirman,  Hung-Yi Tsai,  
 T. Tsuchimochi,  N. M. Tubman,  C. Utku,  S. P. Veccham,  O. Vydrov,  
 J. Wenzel,  Jonathan Wong,  J. Witte,  A. Yamada,  Chou-Hsun Yang,  Kun Yao,  
 S. Yeganeh,  S. R. Yost,  A. Zech,  F. Zeller,  Igor Ying Zhang,  
 Xing Zhang,  Yu Zhang,  D. Zuev,  A. Aspuru-Guzik,  A. T. Bell,  
 N. A. Besley,  K. B. Bravaya,  B. R. Brooks,  D. Casanova,  Jeng-Da Chai,  
 Hsing-Ta Chen,  S. Coriani,  C. J. Cramer,  A. E. DePrince, III,  
 R. A. DiStasio Jr.,  A. Dreuw,  B. D. Dunietz,  T. R. Furlani,  
 W. A. Goddard III,  S. Grimme,  S. Hammes-Schiffer,  T. Head-Gordon,  
 W. J. Hehre,  Chao-Ping Hsu,  T.-C. Jagau,  Yousung Jung,  A. Klamt,  
 Jing Kong,  D. S. Lambrecht,  Xiangyuan Li,  WanZhen Liang,  N. J. Mayhall,  
 C. W. McCurdy,  J. B. Neaton,  T. Neudecker,  C. Ochsenfeld,  
 J. A. Parkhill,  R. Peverati,  V. A. Rassolov,  Haisheng Ren,  Yihan Shao,  
 L. V. Slipchenko,  R. P. Steele,  J. E. Subotnik,  A. J. W. Thom,  
 A. Tkatchenko,  D. G. Truhlar,  T. Van Voorhis,  Fan Wang,  
 T. A. Wesolowski,  K. B. Whaley,  H. L. Woodcock III,  P. M. Zimmerman,  
 S. Faraji,  P. M. W. Gill,  M. Head-Gordon,  J. M. Herbert,  A. I. Krylov

 Contributors to earlier versions of Q-Chem not listed above: 
 R. D. Adamson,  B. Austin,  R. Baer,  J. Baker,  G. J. O. Beran,  
 K. Brandhorst,  S. T. Brown,  E. F. C. Byrd,  Arup K. Chakraborty,  
 G. K. L. Chan,  Chun-Min Chang,  Yunqing Chen,  C.-L. Cheng,  
 Siu Hung Chien,  D. M. Chipman,  D. L. Crittenden,  H. Dachsel,  
 R. J. Doerksen,  A. D. Dutoi,  R. G. Edgar,  J. Fosso-Tande,  
 L. Fusti-Molnar,  D. Ghosh,  A. Ghysels,  A. Golubeva-Zadorozhnaya,  
 J. Gonthier,  M. S. Gordon,  S. R. Gwaltney,  G. Hawkins,  J. E. Herr,  
 A. Heyden,  S. Hirata,  E. G. Hohenstein,  G. Kedziora,  F. J. Keil,  
 C. Kelley,  Jihan Kim,  R. A. King,  R. Z. Khaliullin,  P. P. Korambath,  
 W. Kurlancheek,  A. Laurent,  A. M. Lee,  M. S. Lee,  S. V. Levchenko,  
 Ching Yeh Lin,  D. Liotard,  E. Livshits,  R. C. Lochan,  I. Lotan,  
 L. A. Martinez-Martinez,  P. E. Maslen,  N. Nair,  D. P. O'Neill,  
 D. Neuhauser,  E. Neuscamman,  C. M. Oana,  R. Olivares-Amaya,  R. Olson,  
 T. M. Perrine,  B. Peters,  P. A. Pieniazek,  A. Prociuk,  Y. M. Rhee,  
 J. Ritchie,  M. A. Rohrdanz,  E. Rosta,  N. J. Russ,  H. F. Schaefer III,  
 M. W. Schmidt,  N. E. Schultz,  S. Sharma,  N. Shenvi,  C. D. Sherrill,  
 A. C. Simmonett,  A. Sodt,  T. Stein,  D. Stuck,  K. S. Thanthiriwatte,  
 V. Vanovschi,  L. Vogt,  Tao Wang,  A. Warshel,  M. A. Watson,  
 C. F. Williams,  Q. Wu,  X. Xu,  Jun Yang,  W. Zhang,  Yan Zhao

   Please cite Q-Chem as follows:
  "Software for the frontiers of quantum chemistry:
   An overview of developments in the Q-Chem 5 package"
   J. Chem. Phys. 155, 084801 (2021)
   https://doi.org/10.1063/5.0055522 (open access)

 Q-Chem 6.1.1 for Intel X86 EM64T Linux

 Parts of Q-Chem use Armadillo 9.900.5 (Nocturnal Misbehaviour).
 http://arma.sourceforge.net/

 Q-Chem begins on Wed Oct 11 14:54:42 2023  

 Host: p0111.ten.osc.edu
0

     Scratch files written to /tmp/slurmtmp.24299936/qchem178128//
 Processing $rem in /users/PAS0291/aniketmandal95/qctrunk2/config/preferences:
 Processing $rem in /users/PAS0291/aniketmandal95/.qchemrc:

 Checking the input file for inconsistencies... 	...done.

--------------------------------------------------------------
User input:
--------------------------------------------------------------
$molecule
0 1
Cl
C  1 1.786340
H  2 1.083833 1 108.465219
H  2 1.083833 1 108.465232 3 -119.997399 0
H  2 1.083924 1 108.468435 3 120.001308 0
$end

$rem
   EXCHANGE       cam-b3lyp
   BASIS          def2-tzvpd
   dftcis         1
   dftcis_params  2
   CIS_N_ROOTS    100
   CIS_TRIPLETS   false
   TRNSS          true
   TRTYPE         3
   N_SOL          1
   !REL_SHIFT      15
$end

$alist
1
$end

--------------------------------------------------------------
 ----------------------------------------------------------------
             Standard Nuclear Orientation (Angstroms)
    I     Atom           X                Y                Z
 ----------------------------------------------------------------
    1      Cl     -0.6579611748     0.0000032069     0.0000000045
    2      C       1.1283788251    -0.0000082844    -0.0000000122
    3      H       1.4716567654    -0.5148836133    -0.8898076449
    4      H       1.4716570261    -0.5132103431     0.8907736378
    5      H       1.4717532294     1.0280891445    -0.0009659970
 ----------------------------------------------------------------
 Molecular Point Group                 C1    NOp =  1
 Largest Abelian Subgroup              C1    NOp =  1
 Nuclear Repulsion Energy =          51.30811540 hartrees
 There are       13 alpha and       13 beta electrons
 Requested basis set is def2-TZVPD
 There are 44 shells and 110 basis functions

 Total QAlloc Memory Limit   2000 MB
 Mega-Array Size       188 MB
 MEM_STATIC part       192 MB


                       Distance Matrix (Angstroms)
             Cl(  1)   C (  2)   H (  3)   H (  4)
   C (  2)  1.786340
   H (  3)  2.364770  1.083833
   H (  4)  2.364770  1.083833  1.780582
   H (  5)  2.364877  1.083924  1.780675  1.780675
 
 A cutoff of  1.0D-12 yielded    987 shell pairs
 There are      6247 function pairs (      7723 Cartesian)
 Smallest overlap matrix eigenvalue = 3.64E-05

 Scale SEOQF with 1.000000e-01/1.000000e-01/1.000000e-01

 Standard Electronic Orientation quadrupole field applied
 Nucleus-field energy     =     0.0000000007 hartrees
 Guess from superposition of atomic densities
 Warning:  Energy on first SCF cycle will be non-variational
 SAD guess density has 26.000000 electrons

 -----------------------------------------------------------------------
  General SCF calculation program by
  Eric Jon Sundstrom, Paul Horn, Yuezhi Mao, Dmitri Zuev, Alec White,
  David Stuck, Shaama M.S., Shane Yost, Joonho Lee, David Small,
  Daniel Levine, Susi Lehtola, Hugh Burton, Evgeny Epifanovsky,
  Bang C. Huynh
 -----------------------------------------------------------------------
 Exchange:     0.1900 Hartree-Fock + 0.3500 B88 + 0.4600 muB88 + LR-HF
 Correlation:  0.1900 VWN5 + 0.8100 LYP
 Using SG-1 standard quadrature grid
 using 20 threads for integral computing
 -------------------------------------------------------
 OpenMP Integral computing Module                
 Release: version 1.0, May 2013, Q-Chem Inc. Pittsburgh 
 -------------------------------------------------------
 A restricted SCF calculation will be
 performed using DIIS
 SCF converges when DIIS error is below 1.0e-08
 ---------------------------------------
  Cycle       Energy         DIIS error
 ---------------------------------------
    1    -500.2497421174      3.64e-02  
    2    -500.1172018859      2.59e-03  
    3    -500.1252372498      1.50e-03  
    4    -500.1279528777      2.21e-04  
    5    -500.1280058648      1.13e-04  
    6    -500.1280250499      2.67e-05  
    7    -500.1280260520      5.85e-06  
    8    -500.1280261143      1.39e-06  
    9    -500.1280261180      1.39e-07  
   10    -500.1280261181      1.34e-08  
   11    -500.1280261181      1.40e-09  Convergence criterion met
 ---------------------------------------
 SCF time:   CPU 62.32s  wall 4.00s 
 SCF   energy =  -500.12802612
 Total energy =  -500.12802612
 MAX_CIS_SUBSPACE fits in available memory
 Direct TDDFT/TDA calculation will be performed
 Exchange:     0.1900 Hartree-Fock + 0.3500 B88 + 0.4600 muB88 + LR-HF
 Correlation:  0.1900 VWN5 + 0.8100 LYP
 Using SG-1 standard quadrature grid
 Singlet excitation energies requested
 CIS energy converged when residual is below 10e- 6
   
 ***Using a Restricted Set of Single Excitations***
   
 RCIS calculation
   
 Excitations from specified occupied orbitals
 -------------------------------------------------------------
              Orbitals in Truncated CIS space
 -------------------------------------------------------------
     1  14  15  16  17  18  19  20  21  22  23  24  25  26  27
    28  29  30  31  32  33  34  35  36  37  38  39  40  41  42
    43  44  45  46  47  48  49  50  51  52  53  54  55  56  57
    58  59  60  61  62  63  64  65  66  67  68  69  70  71  72
    73  74  75  76  77  78  79  80  81  82  83  84  85  86  87
    88  89  90  91  92  93  94  95  96  97  98  99 100 101 102
   103 104 105 106 107 108 109 110
   
    Number of Occupied Orbitals =    1  out of    13
    Number of Virtual Orbitals  =   97  out of    97
 -------------------------------------------------------------
 Number of Roots adjusted to:          97
 ---------------------------------------------------
 Iter    Rts Conv    Rts Left    Ttl Dev     Max Dev
 ---------------------------------------------------
   1        97           0      0.042179    0.004884    Roots Converged
 ---------------------------------------------------
 
 ---------------------------------------------------
           DFT/CIS Excitation Energies              
 ---------------------------------------------------

 Excited state   1: excitation energy (eV) =    2813.0123
 Total energy for state   1:                  -396.75172387 au
    Multiplicity: Singlet
    Trans. Mom.: -0.0099 X  -0.0000 Y   0.0000 Z
    Strength   :     0.0068183944
    D(    1) --> V(    1) amplitude =  0.5369
    D(    1) --> V(    2) amplitude = -0.4468
    D(    1) --> V(    5) amplitude =  0.4419
    D(    1) --> V(    8) amplitude = -0.5134

 Excited state   2: excitation energy (eV) =    2816.2753
 Total energy for state   2:                  -396.63181230 au
    Multiplicity: Singlet
    Trans. Mom.: -0.0011 X   0.0000 Y  -0.0000 Z
    Strength   :     0.0000771551
    D(    1) --> V(    1) amplitude =  0.5466
    D(    1) --> V(    2) amplitude =  0.7555
    D(    1) --> V(    8) amplitude = -0.2487

 Excited state   3: excitation energy (eV) =    2817.3835
 Total energy for state   3:                  -396.59108672 au
    Multiplicity: Singlet
    Trans. Mom.: -0.0000 X   0.0040 Y  -0.0000 Z
    Strength   :     0.0010840344
    D(    1) --> V(    3) amplitude =  0.9700

 Excited state   4: excitation energy (eV) =    2817.3836
 Total energy for state   4:                  -396.59108169 au
    Multiplicity: Singlet
    Trans. Mom.: -0.0000 X   0.0000 Y   0.0040 Z
    Strength   :     0.0010842742
    D(    1) --> V(    4) amplitude =  0.9700

 Excited state   5: excitation energy (eV) =    2817.6143
 Total energy for state   5:                  -396.58260197 au
    Multiplicity: Singlet
    Trans. Mom.: -0.0042 X  -0.0000 Y  -0.0000 Z
    Strength   :     0.0012455918
    D(    1) --> V(    1) amplitude = -0.5193
    D(    1) --> V(    2) amplitude =  0.4178
    D(    1) --> V(    5) amplitude =  0.6486
    D(    1) --> V(    8) amplitude = -0.2813

 Excited state   6: excitation energy (eV) =    2818.4210
 Total energy for state   6:                  -396.55295912 au
    Multiplicity: Singlet
    Trans. Mom.: -0.0000 X  -0.0022 Y   0.0001 Z
    Strength   :     0.0003328356
    D(    1) --> V(    6) amplitude =  0.8421
    D(    1) --> V(    9) amplitude = -0.3556
    D(    1) --> V(   14) amplitude =  0.3535

 Excited state   7: excitation energy (eV) =    2818.4211
 Total energy for state   7:                  -396.55295533 au
    Multiplicity: Singlet
    Trans. Mom.:  0.0000 X   0.0001 Y   0.0022 Z
    Strength   :     0.0003327011
    D(    1) --> V(    7) amplitude =  0.8422
    D(    1) --> V(   10) amplitude = -0.3556
    D(    1) --> V(   15) amplitude =  0.3534

 Excited state   8: excitation energy (eV) =    2818.5144
 Total energy for state   8:                  -396.54952649 au
    Multiplicity: Singlet
    Trans. Mom.: -0.0006 X   0.0000 Y   0.0000 Z
    Strength   :     0.0000278787
    D(    1) --> V(    1) amplitude =  0.3668
    D(    1) --> V(    5) amplitude =  0.4987
    D(    1) --> V(    8) amplitude =  0.7404

 Excited state   9: excitation energy (eV) =    2819.6934
 Total energy for state   9:                  -396.50619921 au
    Multiplicity: Singlet
    Trans. Mom.: -0.0000 X  -0.0027 Y   0.0000 Z
    Strength   :     0.0004988876
    D(    1) --> V(    6) amplitude =  0.3329
    D(    1) --> V(    9) amplitude =  0.6852
    D(    1) --> V(   12) amplitude =  0.5015
    D(    1) --> V(   14) amplitude = -0.2290
    D(    1) --> V(   25) amplitude =  0.2241

 Excited state  10: excitation energy (eV) =    2819.6943
 Total energy for state  10:                  -396.50616362 au
    Multiplicity: Singlet
    Trans. Mom.:  0.0000 X   0.0000 Y   0.0027 Z
    Strength   :     0.0004990111
    D(    1) --> V(    7) amplitude =  0.3331
    D(    1) --> V(   10) amplitude =  0.6860
    D(    1) --> V(   13) amplitude =  0.5003
    D(    1) --> V(   15) amplitude = -0.2292
    D(    1) --> V(   26) amplitude =  0.2240

 Excited state  11: excitation energy (eV) =    2819.9100
 Total energy for state  11:                  -396.49823781 au
    Multiplicity: Singlet
    Trans. Mom.:  0.0000 X   0.0009 Y  -0.0000 Z
    Strength   :     0.0000555339
    D(    1) --> V(    6) amplitude = -0.3032
    D(    1) --> V(    9) amplitude = -0.4679
    D(    1) --> V(   12) amplitude =  0.7281

 Excited state  12: excitation energy (eV) =    2819.9101
 Total energy for state  12:                  -396.49823455 au
    Multiplicity: Singlet
    Trans. Mom.:  0.0000 X  -0.0000 Y  -0.0009 Z
    Strength   :     0.0000551501
    D(    1) --> V(    7) amplitude = -0.3030
    D(    1) --> V(   10) amplitude = -0.4668
    D(    1) --> V(   13) amplitude =  0.7288

 Excited state  13: excitation energy (eV) =    2821.3269
 Total energy for state  13:                  -396.44616964 au
    Multiplicity: Singlet
    Trans. Mom.: -0.0032 X   0.0000 Y   0.0000 Z
    Strength   :     0.0007210597
    D(    1) --> V(   11) amplitude =  0.8921
    D(    1) --> V(   16) amplitude = -0.2728
    D(    1) --> V(   17) amplitude = -0.2641

 Excited state  14: excitation energy (eV) =    2821.4828
 Total energy for state  14:                  -396.44044029 au
    Multiplicity: Singlet
    Trans. Mom.: -0.0000 X   0.0000 Y  -0.0000 Z
    Strength   :     0.0000000047
    D(    1) --> V(    6) amplitude = -0.2189
    D(    1) --> V(    9) amplitude =  0.4074
    D(    1) --> V(   14) amplitude =  0.8466

 Excited state  15: excitation energy (eV) =    2821.4839
 Total energy for state  15:                  -396.44039760 au
    Multiplicity: Singlet
    Trans. Mom.:  0.0000 X  -0.0000 Y  -0.0000 Z
    Strength   :     0.0000000040
    D(    1) --> V(    7) amplitude = -0.2189
    D(    1) --> V(   10) amplitude =  0.4073
    D(    1) --> V(   15) amplitude =  0.8466

 Excited state  16: excitation energy (eV) =    2822.2402
 Total energy for state  16:                  -396.41260528 au
    Multiplicity: Singlet
    Trans. Mom.:  0.0057 X   0.0000 Y   0.0000 Z
    Strength   :     0.0022642135
    D(    1) --> V(    5) amplitude =  0.2775
    D(    1) --> V(   11) amplitude =  0.3675
    D(    1) --> V(   16) amplitude =  0.4729
    D(    1) --> V(   17) amplitude =  0.6432
    D(    1) --> V(   21) amplitude =  0.2605
    D(    1) --> V(   24) amplitude = -0.2140

 Excited state  17: excitation energy (eV) =    2822.9806
 Total energy for state  17:                  -396.38539755 au
    Multiplicity: Singlet
    Trans. Mom.:  0.0000 X   0.0000 Y   0.0052 Z
    Strength   :     0.0018364558
    D(    1) --> V(   13) amplitude =  0.2745
    D(    1) --> V(   19) amplitude =  0.8642
    D(    1) --> V(   23) amplitude = -0.3266

 Excited state  18: excitation energy (eV) =    2822.9807
 Total energy for state  18:                  -396.38539176 au
    Multiplicity: Singlet
    Trans. Mom.:  0.0000 X   0.0052 Y  -0.0000 Z
    Strength   :     0.0018356053
    D(    1) --> V(   12) amplitude = -0.2745
    D(    1) --> V(   18) amplitude =  0.8641
    D(    1) --> V(   22) amplitude =  0.3263

 Excited state  19: excitation energy (eV) =    2823.0060
 Total energy for state  19:                  -396.38446223 au
    Multiplicity: Singlet
    Trans. Mom.: -0.0005 X   0.0000 Y   0.0000 Z
    Strength   :     0.0000171208
    D(    1) --> V(   16) amplitude =  0.8031
    D(    1) --> V(   17) amplitude = -0.5146

 Excited state  20: excitation energy (eV) =    2824.2223
 Total energy for state  20:                  -396.33976381 au
    Multiplicity: Singlet
    Trans. Mom.:  0.0000 X   0.0053 Y   0.0000 Z
    Strength   :     0.0019660045
    D(    1) --> V(   18) amplitude = -0.3647
    D(    1) --> V(   22) amplitude =  0.8601

 Excited state  21: excitation energy (eV) =    2824.2228
 Total energy for state  21:                  -396.33974675 au
    Multiplicity: Singlet
    Trans. Mom.: -0.0000 X   0.0000 Y  -0.0053 Z
    Strength   :     0.0019668724
    D(    1) --> V(   19) amplitude =  0.3646
    D(    1) --> V(   23) amplitude =  0.8613

 Excited state  22: excitation energy (eV) =    2824.5741
 Total energy for state  22:                  -396.32683623 au
    Multiplicity: Singlet
    Trans. Mom.: -0.0000 X  -0.0000 Y   0.0000 Z
    Strength   :     0.0000000010
    D(    1) --> V(   20) amplitude =  1.0000

 Excited state  23: excitation energy (eV) =    2824.7989
 Total energy for state  23:                  -396.31857610 au
    Multiplicity: Singlet
    Trans. Mom.:  0.0016 X  -0.0000 Y  -0.0000 Z
    Strength   :     0.0001883443
    D(    1) --> V(   17) amplitude = -0.3869
    D(    1) --> V(   21) amplitude =  0.8636
    D(    1) --> V(   24) amplitude = -0.2647

 Excited state  24: excitation energy (eV) =    2825.1982
 Total energy for state  24:                  -396.30390201 au
    Multiplicity: Singlet
    Trans. Mom.: -0.0000 X  -0.0028 Y  -0.0000 Z
    Strength   :     0.0005295776
    D(    1) --> V(   12) amplitude = -0.3477
    D(    1) --> V(   22) amplitude =  0.2449
    D(    1) --> V(   25) amplitude =  0.7833
    D(    1) --> V(   28) amplitude = -0.2947

 Excited state  25: excitation energy (eV) =    2825.1982
 Total energy for state  25:                  -396.30389942 au
    Multiplicity: Singlet
    Trans. Mom.: -0.0000 X  -0.0000 Y   0.0028 Z
    Strength   :     0.0005291012
    D(    1) --> V(   13) amplitude = -0.3478
    D(    1) --> V(   23) amplitude =  0.2459
    D(    1) --> V(   26) amplitude =  0.7829
    D(    1) --> V(   27) amplitude =  0.2952

 Excited state  26: excitation energy (eV) =    2825.8788
 Total energy for state  26:                  -396.27889033 au
    Multiplicity: Singlet
    Trans. Mom.:  0.0001 X   0.0000 Y   0.0000 Z
    Strength   :     0.0000003083
    D(    1) --> V(   21) amplitude =  0.3517
    D(    1) --> V(   24) amplitude =  0.9073

 Excited state  27: excitation energy (eV) =    2826.8531
 Total energy for state  27:                  -396.24308275 au
    Multiplicity: Singlet
    Trans. Mom.: -0.0012 X   0.0000 Y   0.0000 Z
    Strength   :     0.0000934877
    D(    1) --> V(   29) amplitude =  0.9466

 Excited state  28: excitation energy (eV) =    2826.9320
 Total energy for state  28:                  -396.24018375 au
    Multiplicity: Singlet
    Trans. Mom.:  0.0000 X  -0.0000 Y   0.0011 Z
    Strength   :     0.0000873249
    D(    1) --> V(   26) amplitude = -0.4009
    D(    1) --> V(   27) amplitude =  0.8757

 Excited state  29: excitation energy (eV) =    2826.9337
 Total energy for state  29:                  -396.24012053 au
    Multiplicity: Singlet
    Trans. Mom.: -0.0000 X   0.0011 Y   0.0000 Z
    Strength   :     0.0000875718
    D(    1) --> V(   25) amplitude =  0.4002
    D(    1) --> V(   28) amplitude =  0.8762

 Excited state  30: excitation energy (eV) =    2828.2768
 Total energy for state  30:                  -396.19076314 au
    Multiplicity: Singlet
    Trans. Mom.:  0.0000 X  -0.0000 Y   0.0008 Z
    Strength   :     0.0000451216
    D(    1) --> V(   15) amplitude = -0.2274
    D(    1) --> V(   27) amplitude = -0.2815
    D(    1) --> V(   30) amplitude =  0.6690
    D(    1) --> V(   35) amplitude = -0.6047

 Excited state  31: excitation energy (eV) =    2828.2771
 Total energy for state  31:                  -396.19075150 au
    Multiplicity: Singlet
    Trans. Mom.:  0.0000 X  -0.0008 Y  -0.0000 Z
    Strength   :     0.0000451818
    D(    1) --> V(   14) amplitude = -0.2276
    D(    1) --> V(   28) amplitude =  0.2807
    D(    1) --> V(   31) amplitude =  0.6685
    D(    1) --> V(   36) amplitude =  0.6051

 Excited state  32: excitation energy (eV) =    2829.3824
 Total energy for state  32:                  -396.15013229 au
    Multiplicity: Singlet
    Trans. Mom.: -0.0000 X   0.0021 Y  -0.0000 Z
    Strength   :     0.0002990133
    D(    1) --> V(   25) amplitude = -0.2499
    D(    1) --> V(   31) amplitude =  0.4772
    D(    1) --> V(   33) amplitude =  0.6803
    D(    1) --> V(   36) amplitude = -0.3878

 Excited state  33: excitation energy (eV) =    2829.3836
 Total energy for state  33:                  -396.15009071 au
    Multiplicity: Singlet
    Trans. Mom.: -0.0000 X  -0.0000 Y  -0.0021 Z
    Strength   :     0.0002997697
    D(    1) --> V(   26) amplitude = -0.2498
    D(    1) --> V(   30) amplitude =  0.4766
    D(    1) --> V(   34) amplitude =  0.6798
    D(    1) --> V(   35) amplitude =  0.3895

 Excited state  34: excitation energy (eV) =    2830.4757
 Total energy for state  34:                  -396.10995776 au
    Multiplicity: Singlet
    Trans. Mom.:  0.0000 X  -0.0001 Y  -0.0049 Z
    Strength   :     0.0016634212
    D(    1) --> V(   30) amplitude = -0.4216
    D(    1) --> V(   34) amplitude =  0.6206
    D(    1) --> V(   35) amplitude = -0.6103

 Excited state  35: excitation energy (eV) =    2830.4758
 Total energy for state  35:                  -396.10995232 au
    Multiplicity: Singlet
    Trans. Mom.: -0.0000 X   0.0049 Y  -0.0001 Z
    Strength   :     0.0016628938
    D(    1) --> V(   31) amplitude = -0.4219
    D(    1) --> V(   33) amplitude =  0.6196
    D(    1) --> V(   36) amplitude =  0.6110

 Excited state  36: excitation energy (eV) =    2830.5174
 Total energy for state  36:                  -396.10842227 au
    Multiplicity: Singlet
    Trans. Mom.:  0.0024 X   0.0000 Y   0.0000 Z
    Strength   :     0.0004091429
    D(    1) --> V(   32) amplitude =  0.7853
    D(    1) --> V(   37) amplitude = -0.4619
    D(    1) --> V(   40) amplitude =  0.2559
    D(    1) --> V(   43) amplitude = -0.2486

 Excited state  37: excitation energy (eV) =    2831.4456
 Total energy for state  37:                  -396.07431289 au
    Multiplicity: Singlet
    Trans. Mom.: -0.0054 X  -0.0000 Y  -0.0000 Z
    Strength   :     0.0020454398
    D(    1) --> V(   32) amplitude =  0.5935
    D(    1) --> V(   37) amplitude =  0.6019
    D(    1) --> V(   40) amplitude = -0.4110

 Excited state  38: excitation energy (eV) =    2834.5874
 Total energy for state  38:                  -395.95885328 au
    Multiplicity: Singlet
    Trans. Mom.:  0.0051 X   0.0000 Y   0.0000 Z
    Strength   :     0.0018275502
    D(    1) --> V(   40) amplitude =  0.4196
    D(    1) --> V(   43) amplitude =  0.8706

 Excited state  39: excitation energy (eV) =    2834.7997
 Total energy for state  39:                  -395.95105006 au
    Multiplicity: Singlet
    Trans. Mom.:  0.0000 X  -0.0000 Y  -0.0052 Z
    Strength   :     0.0018525401
    D(    1) --> V(   39) amplitude = -0.3823
    D(    1) --> V(   41) amplitude =  0.8790

 Excited state  40: excitation energy (eV) =    2834.8027
 Total energy for state  40:                  -395.95094135 au
    Multiplicity: Singlet
    Trans. Mom.:  0.0000 X  -0.0052 Y   0.0000 Z
    Strength   :     0.0018530827
    D(    1) --> V(   38) amplitude =  0.3835
    D(    1) --> V(   42) amplitude =  0.8784

 Excited state  41: excitation energy (eV) =    2835.3820
 Total energy for state  41:                  -395.92965284 au
    Multiplicity: Singlet
    Trans. Mom.: -0.0000 X   0.0012 Y  -0.0000 Z
    Strength   :     0.0000949404
    D(    1) --> V(   38) amplitude =  0.9055
    D(    1) --> V(   42) amplitude = -0.3631

 Excited state  42: excitation energy (eV) =    2835.3833
 Total energy for state  42:                  -395.92960463 au
    Multiplicity: Singlet
    Trans. Mom.:  0.0000 X  -0.0000 Y  -0.0012 Z
    Strength   :     0.0000931195
    D(    1) --> V(   39) amplitude =  0.9063
    D(    1) --> V(   41) amplitude =  0.3617

 Excited state  43: excitation energy (eV) =    2835.4222
 Total energy for state  43:                  -395.92817684 au
    Multiplicity: Singlet
    Trans. Mom.: -0.0000 X   0.0000 Y   0.0000 Z
    Strength   :     0.0000001169
    D(    1) --> V(   37) amplitude =  0.5988
    D(    1) --> V(   40) amplitude =  0.7476
    D(    1) --> V(   43) amplitude = -0.2817

 Excited state  44: excitation energy (eV) =    2839.9865
 Total energy for state  44:                  -395.76043950 au
    Multiplicity: Singlet
    Trans. Mom.:  0.0000 X  -0.0033 Y   0.0000 Z
    Strength   :     0.0007520072
    D(    1) --> V(   44) amplitude =  0.9706

 Excited state  45: excitation energy (eV) =    2839.9870
 Total energy for state  45:                  -395.76042152 au
    Multiplicity: Singlet
    Trans. Mom.: -0.0000 X   0.0000 Y   0.0033 Z
    Strength   :     0.0007516958
    D(    1) --> V(   45) amplitude =  0.9706

 Excited state  46: excitation energy (eV) =    2844.3147
 Total energy for state  46:                  -395.60138229 au
    Multiplicity: Singlet
    Trans. Mom.:  0.0000 X   0.0022 Y  -0.0000 Z
    Strength   :     0.0003360769
    D(    1) --> V(   47) amplitude =  0.9901

 Excited state  47: excitation energy (eV) =    2844.3149
 Total energy for state  47:                  -395.60137412 au
    Multiplicity: Singlet
    Trans. Mom.: -0.0000 X  -0.0000 Y  -0.0022 Z
    Strength   :     0.0003358965
    D(    1) --> V(   46) amplitude =  0.9901

 Excited state  48: excitation energy (eV) =    2844.6619
 Total energy for state  48:                  -395.58862227 au
    Multiplicity: Singlet
    Trans. Mom.: -0.0035 X  -0.0000 Y  -0.0000 Z
    Strength   :     0.0008368175
    D(    1) --> V(   48) amplitude =  0.9222
    D(    1) --> V(   49) amplitude = -0.3640

 Excited state  49: excitation energy (eV) =    2848.8337
 Total energy for state  49:                  -395.43531211 au
    Multiplicity: Singlet
    Trans. Mom.: -0.0027 X   0.0000 Y   0.0000 Z
    Strength   :     0.0004982029
    D(    1) --> V(   48) amplitude =  0.3656
    D(    1) --> V(   49) amplitude =  0.9213

 Excited state  50: excitation energy (eV) =    2859.4927
 Total energy for state  50:                  -395.04359968 au
    Multiplicity: Singlet
    Trans. Mom.: -0.0000 X  -0.0000 Y   0.0021 Z
    Strength   :     0.0003012529
    D(    1) --> V(   51) amplitude =  0.7702
    D(    1) --> V(   58) amplitude =  0.6012

 Excited state  51: excitation energy (eV) =    2859.4931
 Total energy for state  51:                  -395.04358541 au
    Multiplicity: Singlet
    Trans. Mom.:  0.0000 X   0.0021 Y   0.0000 Z
    Strength   :     0.0003022866
    D(    1) --> V(   52) amplitude =  0.7703
    D(    1) --> V(   59) amplitude =  0.6012

 Excited state  52: excitation energy (eV) =    2860.0806
 Total energy for state  52:                  -395.02199543 au
    Multiplicity: Singlet
    Trans. Mom.:  0.0000 X  -0.0000 Y   0.0000 Z
    Strength   :     0.0000000001
    D(    1) --> V(   50) amplitude =  0.9999

 Excited state  53: excitation energy (eV) =    2861.2430
 Total energy for state  53:                  -394.97927835 au
    Multiplicity: Singlet
    Trans. Mom.: -0.0032 X  -0.0000 Y   0.0000 Z
    Strength   :     0.0007205088
    D(    1) --> V(   54) amplitude =  0.3279
    D(    1) --> V(   57) amplitude =  0.9239

 Excited state  54: excitation energy (eV) =    2862.2552
 Total energy for state  54:                  -394.94208136 au
    Multiplicity: Singlet
    Trans. Mom.:  0.0000 X  -0.0000 Y  -0.0008 Z
    Strength   :     0.0000409540
    D(    1) --> V(   51) amplitude =  0.2453
    D(    1) --> V(   56) amplitude = -0.2596
    D(    1) --> V(   58) amplitude = -0.5288
    D(    1) --> V(   61) amplitude =  0.7539

 Excited state  55: excitation energy (eV) =    2862.2555
 Total energy for state  55:                  -394.94206917 au
    Multiplicity: Singlet
    Trans. Mom.: -0.0000 X  -0.0008 Y   0.0000 Z
    Strength   :     0.0000424144
    D(    1) --> V(   52) amplitude =  0.2439
    D(    1) --> V(   55) amplitude = -0.2617
    D(    1) --> V(   59) amplitude = -0.5274
    D(    1) --> V(   60) amplitude =  0.7545

 Excited state  56: excitation energy (eV) =    2862.5200
 Total energy for state  56:                  -394.93234982 au
    Multiplicity: Singlet
    Trans. Mom.:  0.0034 X  -0.0000 Y  -0.0000 Z
    Strength   :     0.0008237296
    D(    1) --> V(   53) amplitude =  0.9582

 Excited state  57: excitation energy (eV) =    2862.5842
 Total energy for state  57:                  -394.92998989 au
    Multiplicity: Singlet
    Trans. Mom.:  0.0000 X   0.0000 Y   0.0031 Z
    Strength   :     0.0006613678
    D(    1) --> V(   51) amplitude =  0.4181
    D(    1) --> V(   56) amplitude =  0.7212
    D(    1) --> V(   58) amplitude = -0.4651
    D(    1) --> V(   61) amplitude = -0.2134

 Excited state  58: excitation energy (eV) =    2862.5851
 Total energy for state  58:                  -394.92995608 au
    Multiplicity: Singlet
    Trans. Mom.:  0.0000 X   0.0031 Y  -0.0000 Z
    Strength   :     0.0006590148
    D(    1) --> V(   52) amplitude =  0.4185
    D(    1) --> V(   55) amplitude =  0.7206
    D(    1) --> V(   59) amplitude = -0.4666

 Excited state  59: excitation energy (eV) =    2864.3550
 Total energy for state  59:                  -394.86491393 au
    Multiplicity: Singlet
    Trans. Mom.: -0.0000 X   0.0017 Y  -0.0000 Z
    Strength   :     0.0002056300
    D(    1) --> V(   52) amplitude = -0.3859
    D(    1) --> V(   55) amplitude =  0.6227
    D(    1) --> V(   59) amplitude =  0.3280
    D(    1) --> V(   60) amplitude =  0.5819

 Excited state  60: excitation energy (eV) =    2864.3551
 Total energy for state  60:                  -394.86490986 au
    Multiplicity: Singlet
    Trans. Mom.: -0.0000 X   0.0000 Y   0.0017 Z
    Strength   :     0.0002059673
    D(    1) --> V(   51) amplitude = -0.3857
    D(    1) --> V(   56) amplitude =  0.6229
    D(    1) --> V(   58) amplitude =  0.3279
    D(    1) --> V(   61) amplitude =  0.5819

 Excited state  61: excitation energy (eV) =    2864.5117
 Total energy for state  61:                  -394.85915580 au
    Multiplicity: Singlet
    Trans. Mom.: -0.0022 X  -0.0000 Y  -0.0000 Z
    Strength   :     0.0003400912
    D(    1) --> V(   53) amplitude =  0.2392
    D(    1) --> V(   54) amplitude =  0.9185
    D(    1) --> V(   57) amplitude = -0.2880

 Excited state  62: excitation energy (eV) =    2868.6306
 Total energy for state  62:                  -394.70778844 au
    Multiplicity: Singlet
    Trans. Mom.: -0.0000 X  -0.0000 Y   0.0000 Z
    Strength   :     0.0000000003
    D(    1) --> V(   65) amplitude =  1.0000

 Excited state  63: excitation energy (eV) =    2868.9000
 Total energy for state  63:                  -394.69789013 au
    Multiplicity: Singlet
    Trans. Mom.: -0.0012 X   0.0000 Y  -0.0000 Z
    Strength   :     0.0000988080
    D(    1) --> V(   64) amplitude = -0.4292
    D(    1) --> V(   66) amplitude =  0.9007

 Excited state  64: excitation energy (eV) =    2869.3730
 Total energy for state  64:                  -394.68050754 au
    Multiplicity: Singlet
    Trans. Mom.:  0.0000 X   0.0029 Y  -0.0000 Z
    Strength   :     0.0006043893
    D(    1) --> V(   62) amplitude =  0.9438
    D(    1) --> V(   68) amplitude =  0.2521

 Excited state  65: excitation energy (eV) =    2869.3739
 Total energy for state  65:                  -394.68047489 au
    Multiplicity: Singlet
    Trans. Mom.: -0.0000 X   0.0000 Y   0.0029 Z
    Strength   :     0.0006057189
    D(    1) --> V(   63) amplitude =  0.9438
    D(    1) --> V(   67) amplitude = -0.2521

 Excited state  66: excitation energy (eV) =    2872.1955
 Total energy for state  66:                  -394.57678023 au
    Multiplicity: Singlet
    Trans. Mom.:  0.0081 X  -0.0000 Y  -0.0000 Z
    Strength   :     0.0046710894
    D(    1) --> V(   64) amplitude =  0.8383
    D(    1) --> V(   66) amplitude =  0.4128
    D(    1) --> V(   69) amplitude =  0.2823

 Excited state  67: excitation energy (eV) =    2874.6629
 Total energy for state  67:                  -394.48610678 au
    Multiplicity: Singlet
    Trans. Mom.: -0.0000 X   0.0005 Y   0.0165 Z
    Strength   :     0.0191532286
    D(    1) --> V(   67) amplitude = -0.4091
    D(    1) --> V(   71) amplitude =  0.3370
    D(    1) --> V(   73) amplitude =  0.8090

 Excited state  68: excitation energy (eV) =    2874.6637
 Total energy for state  68:                  -394.48607715 au
    Multiplicity: Singlet
    Trans. Mom.: -0.0000 X   0.0165 Y  -0.0005 Z
    Strength   :     0.0191537948
    D(    1) --> V(   68) amplitude =  0.4092
    D(    1) --> V(   72) amplitude =  0.3366
    D(    1) --> V(   74) amplitude =  0.8091

 Excited state  69: excitation energy (eV) =    2875.5337
 Total energy for state  69:                  -394.45410595 au
    Multiplicity: Singlet
    Trans. Mom.: -0.0117 X  -0.0000 Y   0.0000 Z
    Strength   :     0.0096660541
    D(    1) --> V(   64) amplitude =  0.2185
    D(    1) --> V(   69) amplitude = -0.3266
    D(    1) --> V(   70) amplitude =  0.9020

 Excited state  70: excitation energy (eV) =    2876.8508
 Total energy for state  70:                  -394.40570362 au
    Multiplicity: Singlet
    Trans. Mom.:  0.0000 X   0.0000 Y   0.0062 Z
    Strength   :     0.0026961978
    D(    1) --> V(   67) amplitude =  0.8662
    D(    1) --> V(   73) amplitude =  0.3717

 Excited state  71: excitation energy (eV) =    2876.8517
 Total energy for state  71:                  -394.40566997 au
    Multiplicity: Singlet
    Trans. Mom.: -0.0000 X  -0.0062 Y   0.0000 Z
    Strength   :     0.0026964218
    D(    1) --> V(   68) amplitude =  0.8662
    D(    1) --> V(   74) amplitude = -0.3718

 Excited state  72: excitation energy (eV) =    2877.4098
 Total energy for state  72:                  -394.38515769 au
    Multiplicity: Singlet
    Trans. Mom.:  0.0032 X   0.0000 Y   0.0000 Z
    Strength   :     0.0007086557
    D(    1) --> V(   64) amplitude = -0.2314
    D(    1) --> V(   69) amplitude =  0.8761
    D(    1) --> V(   70) amplitude =  0.3865

 Excited state  73: excitation energy (eV) =    2882.7318
 Total energy for state  73:                  -394.18958052 au
    Multiplicity: Singlet
    Trans. Mom.:  0.0000 X  -0.0000 Y   0.0001 Z
    Strength   :     0.0000012244
    D(    1) --> V(   71) amplitude =  0.9149
    D(    1) --> V(   73) amplitude = -0.3958

 Excited state  74: excitation energy (eV) =    2882.7333
 Total energy for state  74:                  -394.18952490 au
    Multiplicity: Singlet
    Trans. Mom.: -0.0000 X   0.0001 Y   0.0000 Z
    Strength   :     0.0000012636
    D(    1) --> V(   72) amplitude =  0.9151
    D(    1) --> V(   74) amplitude = -0.3954

 Excited state  75: excitation energy (eV) =    2887.7577
 Total energy for state  75:                  -394.00487935 au
    Multiplicity: Singlet
    Trans. Mom.: -0.0000 X  -0.0037 Y   0.0000 Z
    Strength   :     0.0009467829
    D(    1) --> V(   75) amplitude =  0.9508
    D(    1) --> V(   77) amplitude =  0.2135

 Excited state  76: excitation energy (eV) =    2887.7590
 Total energy for state  76:                  -394.00483235 au
    Multiplicity: Singlet
    Trans. Mom.: -0.0000 X  -0.0000 Y  -0.0037 Z
    Strength   :     0.0009463902
    D(    1) --> V(   76) amplitude =  0.9508
    D(    1) --> V(   78) amplitude = -0.2135

 Excited state  77: excitation energy (eV) =    2890.0801
 Total energy for state  77:                  -393.91953555 au
    Multiplicity: Singlet
    Trans. Mom.: -0.0000 X  -0.0035 Y   0.0000 Z
    Strength   :     0.0008708220
    D(    1) --> V(   75) amplitude = -0.2320
    D(    1) --> V(   77) amplitude =  0.9620

 Excited state  78: excitation energy (eV) =    2890.0818
 Total energy for state  78:                  -393.91947164 au
    Multiplicity: Singlet
    Trans. Mom.:  0.0000 X   0.0000 Y   0.0035 Z
    Strength   :     0.0008714839
    D(    1) --> V(   76) amplitude =  0.2319
    D(    1) --> V(   78) amplitude =  0.9625

 Excited state  79: excitation energy (eV) =    2891.3398
 Total energy for state  79:                  -393.87324018 au
    Multiplicity: Singlet
    Trans. Mom.: -0.0066 X   0.0000 Y  -0.0000 Z
    Strength   :     0.0031143471
    D(    1) --> V(   79) amplitude =  0.9657

 Excited state  80: excitation energy (eV) =    2899.5199
 Total energy for state  80:                  -393.57262659 au
    Multiplicity: Singlet
    Trans. Mom.:  0.0069 X   0.0000 Y  -0.0000 Z
    Strength   :     0.0034078616
    D(    1) --> V(   79) amplitude =  0.2138
    D(    1) --> V(   82) amplitude =  0.9659

 Excited state  81: excitation energy (eV) =    2900.4558
 Total energy for state  81:                  -393.53823431 au
    Multiplicity: Singlet
    Trans. Mom.: -0.0000 X   0.0010 Y  -0.0000 Z
    Strength   :     0.0000781788
    D(    1) --> V(   80) amplitude =  0.9988

 Excited state  82: excitation energy (eV) =    2900.4565
 Total energy for state  82:                  -393.53820827 au
    Multiplicity: Singlet
    Trans. Mom.:  0.0000 X   0.0000 Y   0.0010 Z
    Strength   :     0.0000781965
    D(    1) --> V(   81) amplitude =  0.9988

 Excited state  83: excitation energy (eV) =    2907.8499
 Total energy for state  83:                  -393.26650789 au
    Multiplicity: Singlet
    Trans. Mom.:  0.0000 X   0.0000 Y   0.0000 Z
    Strength   :     0.0000000000
    D(    1) --> V(   83) amplitude =  1.0000

 Excited state  84: excitation energy (eV) =    2908.5901
 Total energy for state  84:                  -393.23930567 au
    Multiplicity: Singlet
    Trans. Mom.:  0.0000 X   0.0014 Y  -0.0000 Z
    Strength   :     0.0001313292
    D(    1) --> V(   84) amplitude =  0.9956

 Excited state  85: excitation energy (eV) =    2908.5907
 Total energy for state  85:                  -393.23928230 au
    Multiplicity: Singlet
    Trans. Mom.: -0.0000 X  -0.0000 Y  -0.0014 Z
    Strength   :     0.0001313135
    D(    1) --> V(   85) amplitude =  0.9956

 Excited state  86: excitation energy (eV) =    2913.3461
 Total energy for state  86:                  -393.06452634 au
    Multiplicity: Singlet
    Trans. Mom.:  0.0028 X  -0.0000 Y   0.0000 Z
    Strength   :     0.0005626216
    D(    1) --> V(   86) amplitude =  0.9919

 Excited state  87: excitation energy (eV) =    2915.2524
 Total energy for state  87:                  -392.99446763 au
    Multiplicity: Singlet
    Trans. Mom.:  0.0000 X   0.0021 Y  -0.0000 Z
    Strength   :     0.0003020728
    D(    1) --> V(   87) amplitude =  0.9964

 Excited state  88: excitation energy (eV) =    2915.2544
 Total energy for state  88:                  -392.99439657 au
    Multiplicity: Singlet
    Trans. Mom.:  0.0000 X  -0.0000 Y  -0.0021 Z
    Strength   :     0.0003020683
    D(    1) --> V(   88) amplitude =  0.9964

 Excited state  89: excitation energy (eV) =    2926.0609
 Total energy for state  89:                  -392.59726417 au
    Multiplicity: Singlet
    Trans. Mom.:  0.0073 X   0.0000 Y   0.0000 Z
    Strength   :     0.0038486851
    D(    1) --> V(   89) amplitude =  0.9923

 Excited state  90: excitation energy (eV) =    2933.2235
 Total energy for state  90:                  -392.33404339 au
    Multiplicity: Singlet
    Trans. Mom.:  0.0000 X   0.0000 Y  -0.0000 Z
    Strength   :     0.0000000284
    D(    1) --> V(   90) amplitude =  0.9998

 Excited state  91: excitation energy (eV) =    2933.2284
 Total energy for state  91:                  -392.33386211 au
    Multiplicity: Singlet
    Trans. Mom.:  0.0000 X  -0.0000 Y  -0.0000 Z
    Strength   :     0.0000000288
    D(    1) --> V(   91) amplitude =  0.9998

 Excited state  92: excitation energy (eV) =    2940.2595
 Total energy for state  92:                  -392.07547667 au
    Multiplicity: Singlet
    Trans. Mom.:  0.0013 X  -0.0000 Y   0.0000 Z
    Strength   :     0.0001280237
    D(    1) --> V(   92) amplitude =  0.9982

 Excited state  93: excitation energy (eV) =    3089.8456
 Total energy for state  93:                  -386.57828827 au
    Multiplicity: Singlet
    Trans. Mom.:  0.0000 X  -0.0028 Y  -0.0412 Z
    Strength   :     0.1292421006
    D(    1) --> V(   93) amplitude =  0.9993

 Excited state  94: excitation energy (eV) =    3089.8456
 Total energy for state  94:                  -386.57828555 au
    Multiplicity: Singlet
    Trans. Mom.:  0.0000 X  -0.0412 Y   0.0028 Z
    Strength   :     0.1292421225
    D(    1) --> V(   94) amplitude =  0.9993

 Excited state  95: excitation energy (eV) =    3100.2749
 Total energy for state  95:                  -386.19501872 au
    Multiplicity: Singlet
    Trans. Mom.: -0.0408 X  -0.0000 Y   0.0000 Z
    Strength   :     0.1266156525
    D(    1) --> V(   95) amplitude =  0.9993

 Excited state  96: excitation energy (eV) =    3418.8280
 Total energy for state  96:                  -374.48840474 au
    Multiplicity: Singlet
    Trans. Mom.: -0.0001 X   0.0000 Y  -0.0000 Z
    Strength   :     0.0000008999
    D(    1) --> V(   96) amplitude =  0.9999

 Excited state  97: excitation energy (eV) =    3491.4013
 Total energy for state  97:                  -371.82138713 au
    Multiplicity: Singlet
    Trans. Mom.:  0.0001 X  -0.0000 Y   0.0000 Z
    Strength   :     0.0000015031
    D(    1) --> V(   97) amplitude =  0.9998
 
 ---------------------------------------------------
 Starting SETmanPost()
  SETman timing summary (seconds)
  CPU time                24.12s
  System time              0.00s
  Wall time                1.21s
 
 --------------------------------------------------------------
 
                    Orbital Energies (a.u.)
 --------------------------------------------------------------
 
 Alpha MOs
 -- Occupied --
 -101.58666   -10.30173    -9.51978    -7.28241    -7.27358    -7.27358
   -0.93650    -0.75905    -0.52356    -0.52355    -0.47848    -0.36445
   -0.36445
 -- Virtual --
    0.02854     0.04391     0.06668     0.06669     0.09521     0.12613
    0.12613     0.12973     0.15448     0.15449     0.21542     0.22484
    0.22486     0.26310     0.26316     0.26888     0.28256     0.29018
    0.29018     0.31811     0.34523     0.34566     0.34568     0.38231
    0.39222     0.39223     0.42926     0.42927     0.46167     0.50994
    0.50999     0.58360     0.64528     0.64531     0.67151     0.67154
    0.70536     0.73640     0.73645     0.73728     0.81812     0.81826
    0.83784     0.96255     0.96257     1.10047     1.10048     1.15534
    1.36877     1.65048     1.73380     1.73383     1.75407     1.84691
    1.85164     1.85166     1.97099     2.00099     2.00100     2.04310
    2.04312     2.11896     2.11899     2.13203     2.17065     2.18545
    2.36145     2.36148     2.36669     2.46734     2.48295     2.48302
    2.49969     2.49970     2.69721     2.69725     2.86113     2.86121
    2.86299     3.17482     3.17485     3.18303     3.43410     3.48534
    3.48536     3.65510     3.72081     3.72088     4.21361     4.35795
    4.35813     4.62618    10.96516    10.96517    11.33919    22.22567
   25.78433
 --------------------------------------------------------------
 
          Ground-State Mulliken Net Atomic Charges

     Atom                 Charge (a.u.)
  ----------------------------------------
      1 Cl                   -0.178207
      2 C                    -0.571416
      3 H                     0.249837
      4 H                     0.249837
      5 H                     0.249949
  ----------------------------------------
  Sum of atomic charges =     0.000000

 -----------------------------------------------------------------
                    Cartesian Multipole Moments
 -----------------------------------------------------------------
    Charge (ESU x 10^10)
                 0.0000
    Dipole Moment (Debye)
         X       1.9696      Y      -0.0000      Z       0.0000
       Tot       1.9696
    Quadrupole Moments (Debye-Ang)
        XX     -18.3577     XY      -0.0001     YY     -20.0825
        XZ       0.0000     YZ      -0.0000     ZZ     -20.0828
    Octopole Moments (Debye-Ang^2)
       XXX      -2.1844    XXY       0.0002    XYY       1.0036
       YYY       0.8309    XXZ       0.0000    XYZ       0.0000
       YYZ      -0.0023    XZZ       1.0033    YZZ      -0.8317
       ZZZ       0.0023
    Hexadecapole Moments (Debye-Ang^3)
      XXXX    -119.0925   XXXY      -0.0002   XXYY     -24.8016
      XYYY       1.2219   YYYY     -29.8046   XXXZ       0.0000
      XXYZ      -0.0000   XYYZ      -0.0034   YYYZ      -0.0000
      XXZZ     -24.8022   XYZZ      -1.2220   YYZZ      -9.9348
      XZZZ       0.0034   YZZZ      -0.0000   ZZZZ     -29.8042
 -----------------------------------------------------------------
 Total job time:  7.25s(wall), 95.77s(cpu) 
 Wed Oct 11 14:54:49 2023

        *************************************************************
        *                                                           *
        *  Thank you very much for using Q-Chem.  Have a nice day.  *
        *                                                           *
        *************************************************************


This is a multi-thread run using 20 threads
/users/PAS0291/aniketmandal95/qctrunk2/exe/qcprog.exe .ch3cl_xas.in.145950.qcin.1 /tmp/slurmtmp.24300477/qchem145950/

                  Welcome to Q-Chem
     A Quantum Leap Into The Future Of Chemistry


 Q-Chem 6.1 (devel), Q-Chem, Inc., Pleasanton, CA (2022)

 E. Epifanovsky,  A. T. B. Gilbert,  Xintian Feng,  Joonho Lee,  Yuezhi Mao,  
 N. Mardirossian,  P. Pokhilko,  A. White,  M. Wormit,  M. P. Coons,  
 A. L. Dempwolff,  Zhengting Gan,  D. Hait,  P. R. Horn,  L. D. Jacobson,  
 I. Kaliman,  J. Kussmann,  A. W. Lange,  Ka Un Lao,  D. S. Levine,  Jie Liu,  
 S. C. McKenzie,  A. F. Morrison,  K. D. Nanda,  F. Plasser,  D. R. Rehn,  
 M. L. Vidal,  Zhi-Qiang You,  Ying Zhu,  B. Alam,  B. Albrecht,  
 A. Aldossary,  E. Alguire,  J. H. Andersen,  V. Athavale,  D. Barton,  
 K. Begam,  A. Behn,  N. Bellonzi,  Y. A. Bernard,  E. J. Berquist,  
 H. Burton,  A. Carreras,  K. Carter-Fenk,  Mathew Chow,  Romit Chakraborty,  
 Chandrima Chakravarty,  Junhan Chen,  A. D. Chien,  K. D. Closser,  
 V. Cofer-Shabica,  L. Cunha,  S. Dasgupta,  Jia Deng,  M. de Wergifosse,  
 M. Diedenhofen,  Hainam Do,  S. Ehlert,  Po-Tung Fang,  S. Fatehi,  
 Qingguo Feng,  T. Friedhoff,  Thomas Froitzheim,  B. Ganoe,  J. Gayvert,  
 Qinghui Ge,  G. Gidofalvi,  M. Gimferrer,  M. Goldey,  Montgomery Gray,  
 J. Gomes,  C. Gonzalez-Espinoza,  S. Gulania,  A. Gunina,  J. A. Gyamfi,  
 M. W. D. Hanson-Heine,  P. H. P. Harbach,  A. W. Hauser,  M. F. Herbst,  
 M. Hernandez Vera,  M. Hodecker,  Z. C. Holden,  S. Houck,  Xunkun Huang,  
 Kerwin Hui,  B. C. Huynh,  K. Ikeda,  M. Ivanov,  Hyunjun Ji,  Zuxin Jin,  
 Hanjie Jiang,  Subrata Jana,  B. Kaduk,  S. Kaehler,  R. Kang,  
 K. Khistyaev,  Jaehoon Kim,  Yongbin Kim,  P. Klunzinger,  Z. Koczor-Benda,  
 Joong Hoon Koh,  D. Kosenkov,  Saikiran Kotaru,  L. Koulias,  T. Kowalczyk,  
 C. M. Krauter,  K. Kue,  A. Kunitsa,  T. Kus,  A. Landau,  K. V. Lawler,  
 D. Lefrancois,  S. Lehtola,  Rain Li,  Shaozhi Li,  Yi-Pei Li,  
 Jiashu Liang,  M. Liebenthal,  Hung-Hsuan Lin,  You-Sheng Lin,  Fenglai Liu,  
 Kuan-Yu Liu,  Xiao Liu,  M. Loipersberger,  A. Luenser,  C. Malbon,  
 A. Manjanath,  P. Manohar,  E. Mansoor,  S. F. Manzer,  Shan-Ping Mao,  
 A. V. Marenich,  T. Markovich,  S. Mason,  F. Matz,  S. A. Maurer,  
 P. F. McLaughlin,  M. F. S. J. Menger,  J.-M. Mewes,  S. A. Mewes,  
 P. Morgante,  Mohammad Mostafanejad,  J. W. Mullinax,  K. J. Oosterbaan,  
 G. Paran,  V. Parravicini,  Alexander C. Paul,  Suranjan K. Paul,  
 F. Pavosevic,  Zheng Pei,  S. Prager,  E. I. Proynov,  E. Ramos,  B. Rana,  
 A. E. Rask,  A. Rettig,  R. M. Richard,  F. Rob,  E. Rossomme,  T. Scheele,  
 M. Scheurer,  M. Schneider,  P. E. Schneider,  Tim K. Schramm,  N. Sergueev,  
 S. M. Sharada,  M. Sharma,  Hengyuan Shen,  W. Skomorowski,  D. W. Small,  
 C. J. Stein,  Alistair J. Sterling,  Yingli Su,  Yu-Chuan Su,  
 E. J. Sundstrom,  J. Talbot,  Zhen Tao,  J. Thirman,  Hung-Yi Tsai,  
 T. Tsuchimochi,  N. M. Tubman,  C. Utku,  S. P. Veccham,  O. Vydrov,  
 J. Wenzel,  Jonathan Wong,  J. Witte,  A. Yamada,  Chou-Hsun Yang,  Kun Yao,  
 S. Yeganeh,  S. R. Yost,  A. Zech,  F. Zeller,  Igor Ying Zhang,  
 Xing Zhang,  Yu Zhang,  D. Zuev,  A. Aspuru-Guzik,  A. T. Bell,  
 N. A. Besley,  K. B. Bravaya,  B. R. Brooks,  D. Casanova,  Jeng-Da Chai,  
 Hsing-Ta Chen,  S. Coriani,  C. J. Cramer,  A. E. DePrince, III,  
 R. A. DiStasio Jr.,  A. Dreuw,  B. D. Dunietz,  T. R. Furlani,  
 W. A. Goddard III,  S. Grimme,  S. Hammes-Schiffer,  T. Head-Gordon,  
 W. J. Hehre,  Chao-Ping Hsu,  T.-C. Jagau,  Yousung Jung,  A. Klamt,  
 Jing Kong,  D. S. Lambrecht,  Xiangyuan Li,  WanZhen Liang,  N. J. Mayhall,  
 C. W. McCurdy,  J. B. Neaton,  T. Neudecker,  C. Ochsenfeld,  
 J. A. Parkhill,  R. Peverati,  V. A. Rassolov,  Haisheng Ren,  Yihan Shao,  
 L. V. Slipchenko,  R. P. Steele,  J. E. Subotnik,  A. J. W. Thom,  
 A. Tkatchenko,  D. G. Truhlar,  T. Van Voorhis,  Fan Wang,  
 T. A. Wesolowski,  K. B. Whaley,  H. L. Woodcock III,  P. M. Zimmerman,  
 S. Faraji,  P. M. W. Gill,  M. Head-Gordon,  J. M. Herbert,  A. I. Krylov

 Contributors to earlier versions of Q-Chem not listed above: 
 R. D. Adamson,  B. Austin,  R. Baer,  J. Baker,  G. J. O. Beran,  
 K. Brandhorst,  S. T. Brown,  E. F. C. Byrd,  Arup K. Chakraborty,  
 G. K. L. Chan,  Chun-Min Chang,  Yunqing Chen,  C.-L. Cheng,  
 Siu Hung Chien,  D. M. Chipman,  D. L. Crittenden,  H. Dachsel,  
 R. J. Doerksen,  A. D. Dutoi,  R. G. Edgar,  J. Fosso-Tande,  
 L. Fusti-Molnar,  D. Ghosh,  A. Ghysels,  A. Golubeva-Zadorozhnaya,  
 J. Gonthier,  M. S. Gordon,  S. R. Gwaltney,  G. Hawkins,  J. E. Herr,  
 A. Heyden,  S. Hirata,  E. G. Hohenstein,  G. Kedziora,  F. J. Keil,  
 C. Kelley,  Jihan Kim,  R. A. King,  R. Z. Khaliullin,  P. P. Korambath,  
 W. Kurlancheek,  A. Laurent,  A. M. Lee,  M. S. Lee,  S. V. Levchenko,  
 Ching Yeh Lin,  D. Liotard,  E. Livshits,  R. C. Lochan,  I. Lotan,  
 L. A. Martinez-Martinez,  P. E. Maslen,  N. Nair,  D. P. O'Neill,  
 D. Neuhauser,  E. Neuscamman,  C. M. Oana,  R. Olivares-Amaya,  R. Olson,  
 T. M. Perrine,  B. Peters,  P. A. Pieniazek,  A. Prociuk,  Y. M. Rhee,  
 J. Ritchie,  M. A. Rohrdanz,  E. Rosta,  N. J. Russ,  H. F. Schaefer III,  
 M. W. Schmidt,  N. E. Schultz,  S. Sharma,  N. Shenvi,  C. D. Sherrill,  
 A. C. Simmonett,  A. Sodt,  T. Stein,  D. Stuck,  K. S. Thanthiriwatte,  
 V. Vanovschi,  L. Vogt,  Tao Wang,  A. Warshel,  M. A. Watson,  
 C. F. Williams,  Q. Wu,  X. Xu,  Jun Yang,  W. Zhang,  Yan Zhao

   Please cite Q-Chem as follows:
  "Software for the frontiers of quantum chemistry:
   An overview of developments in the Q-Chem 5 package"
   J. Chem. Phys. 155, 084801 (2021)
   https://doi.org/10.1063/5.0055522 (open access)

 Q-Chem 6.1.1 for Intel X86 EM64T Linux

 Parts of Q-Chem use Armadillo 9.900.5 (Nocturnal Misbehaviour).
 http://arma.sourceforge.net/

 Q-Chem begins on Wed Oct 11 15:25:01 2023  

 Host: p0059.ten.osc.edu
0

     Scratch files written to /tmp/slurmtmp.24300477/qchem145950//
 Processing $rem in /users/PAS0291/aniketmandal95/qctrunk2/config/preferences:
 Processing $rem in /users/PAS0291/aniketmandal95/.qchemrc:

 Checking the input file for inconsistencies... 	...done.

--------------------------------------------------------------
User input:
--------------------------------------------------------------
$molecule
0 1
Cl
C  1 1.786340
H  2 1.083833 1 108.465219
H  2 1.083833 1 108.465232 3 -119.997399 0
H  2 1.083924 1 108.468435 3 120.001308 0
$end

$rem
   EXCHANGE       src1-r2
   BASIS          def2-tzvpd
   !dftcis         1
   !dftcis_params  2
   CIS_N_ROOTS    100
   CIS_TRIPLETS   false
   TRNSS          true
   TRTYPE         3
   N_SOL          1
   !REL_SHIFT      15
$end

$alist
1
$end

--------------------------------------------------------------
 ----------------------------------------------------------------
             Standard Nuclear Orientation (Angstroms)
    I     Atom           X                Y                Z
 ----------------------------------------------------------------
    1      Cl     -0.6579611748     0.0000032069     0.0000000045
    2      C       1.1283788251    -0.0000082844    -0.0000000122
    3      H       1.4716567654    -0.5148836133    -0.8898076449
    4      H       1.4716570261    -0.5132103431     0.8907736378
    5      H       1.4717532294     1.0280891445    -0.0009659970
 ----------------------------------------------------------------
 Molecular Point Group                 C1    NOp =  1
 Largest Abelian Subgroup              C1    NOp =  1
 Nuclear Repulsion Energy =          51.30811540 hartrees
 There are       13 alpha and       13 beta electrons
 Requested basis set is def2-TZVPD
 There are 44 shells and 110 basis functions

 Total QAlloc Memory Limit   2000 MB
 Mega-Array Size       188 MB
 MEM_STATIC part       192 MB


                       Distance Matrix (Angstroms)
             Cl(  1)   C (  2)   H (  3)   H (  4)
   C (  2)  1.786340
   H (  3)  2.364770  1.083833
   H (  4)  2.364770  1.083833  1.780582
   H (  5)  2.364877  1.083924  1.780675  1.780675
 
 A cutoff of  1.0D-12 yielded    987 shell pairs
 There are      6247 function pairs (      7723 Cartesian)
 Smallest overlap matrix eigenvalue = 3.64E-05

 Scale SEOQF with 1.000000e-01/1.000000e-01/1.000000e-01

 Standard Electronic Orientation quadrupole field applied
 Nucleus-field energy     =     0.0000000007 hartrees
 Guess from superposition of atomic densities
 Warning:  Energy on first SCF cycle will be non-variational
 SAD guess density has 26.000000 electrons

 -----------------------------------------------------------------------
  General SCF calculation program by
  Eric Jon Sundstrom, Paul Horn, Yuezhi Mao, Dmitri Zuev, Alec White,
  David Stuck, Shaama M.S., Shane Yost, Joonho Lee, David Small,
  Daniel Levine, Susi Lehtola, Hugh Burton, Evgeny Epifanovsky,
  Bang C. Huynh
 -----------------------------------------------------------------------
 Exchange:     0.8700 Hartree-Fock + 0.7500 B88 + -0.8700 muB88 + 0.2500 muB88src + LR-HF
               (Short-Range Corrected Functional)
 Correlation:  0.1900 VWN5 + 0.8100 LYP
 Using SG-1 standard quadrature grid

 using 20 threads for integral computing
 -------------------------------------------------------
 OpenMP Integral computing Module                
 Release: version 1.0, May 2013, Q-Chem Inc. Pittsburgh 
 -------------------------------------------------------
 A restricted SCF calculation will be
 performed using DIIS
 SCF converges when DIIS error is below 1.0e-08
 ---------------------------------------
  Cycle       Energy         DIIS error
 ---------------------------------------

    1    -500.5548119271      3.63e-02  

    2    -500.4372394162      3.64e-03  

    3    -500.4387577612      3.51e-03  

    4    -500.4569299976      6.42e-04  

    5    -500.4575292417      1.22e-04  

    6    -500.4575479317      2.54e-05  

    7    -500.4575487315      6.45e-06  

    8    -500.4575487902      5.32e-07  

    9    -500.4575487906      1.15e-07  
   10    -500.4575487907      8.56e-09  Convergence criterion met
 ---------------------------------------
 SCF time:   CPU 107.87s  wall 8.00s 
 SCF   energy =  -500.45754879
 Total energy =  -500.45754879
 MAX_CIS_SUBSPACE fits in available memory
 Direct TDDFT/TDA calculation will be performed
 Exchange:     0.8700 Hartree-Fock + 0.7500 B88 + -0.8700 muB88 + 0.2500 muB88src + LR-HF
               (Short-Range Corrected Functional)
 Correlation:  0.1900 VWN5 + 0.8100 LYP
 Using SG-1 standard quadrature grid
 Singlet excitation energies requested
 CIS energy converged when residual is below 10e- 6
   
 ***Using a Restricted Set of Single Excitations***
   
 RCIS calculation
   
 Excitations from specified occupied orbitals
 -------------------------------------------------------------
              Orbitals in Truncated CIS space
 -------------------------------------------------------------
     1  14  15  16  17  18  19  20  21  22  23  24  25  26  27
    28  29  30  31  32  33  34  35  36  37  38  39  40  41  42
    43  44  45  46  47  48  49  50  51  52  53  54  55  56  57
    58  59  60  61  62  63  64  65  66  67  68  69  70  71  72
    73  74  75  76  77  78  79  80  81  82  83  84  85  86  87
    88  89  90  91  92  93  94  95  96  97  98  99 100 101 102
   103 104 105 106 107 108 109 110
   
    Number of Occupied Orbitals =    1  out of    13
    Number of Virtual Orbitals  =   97  out of    97
 -------------------------------------------------------------
 Number of Roots adjusted to:          97
 ---------------------------------------------------
 Iter    Rts Conv    Rts Left    Ttl Dev     Max Dev
 ---------------------------------------------------
   1        97           0      0.048840    0.005942    Roots Converged
 ---------------------------------------------------
 
 ---------------------------------------------------
         TDDFT/TDA Excitation Energies              
 ---------------------------------------------------

 Excited state   1: excitation energy (eV) =    2816.1401
 Total energy for state   1:                  -396.96630075 au
    Multiplicity: Singlet
    Trans. Mom.: -0.0089 X   0.0000 Y   0.0000 Z
    Strength   :     0.0054352218
    D(    1) --> V(    1) amplitude =  0.7605
    D(    1) --> V(    2) amplitude = -0.4346
    D(    1) --> V(    5) amplitude =  0.3463
    D(    1) --> V(    6) amplitude =  0.3027

 Excited state   2: excitation energy (eV) =    2818.0754
 Total energy for state   2:                  -396.89518136 au
    Multiplicity: Singlet
    Trans. Mom.: -0.0003 X   0.0000 Y  -0.0000 Z
    Strength   :     0.0000049261
    D(    1) --> V(    1) amplitude =  0.4874
    D(    1) --> V(    2) amplitude =  0.8578

 Excited state   3: excitation energy (eV) =    2819.1209
 Total energy for state   3:                  -396.85675991 au
    Multiplicity: Singlet
    Trans. Mom.: -0.0000 X  -0.0000 Y   0.0031 Z
    Strength   :     0.0006629867
    D(    1) --> V(    3) amplitude =  0.9914

 Excited state   4: excitation energy (eV) =    2819.1210
 Total energy for state   4:                  -396.85675501 au
    Multiplicity: Singlet
    Trans. Mom.: -0.0000 X   0.0031 Y   0.0000 Z
    Strength   :     0.0006627838
    D(    1) --> V(    4) amplitude =  0.9914

 Excited state   5: excitation energy (eV) =    2819.3365
 Total energy for state   5:                  -396.84883488 au
    Multiplicity: Singlet
    Trans. Mom.: -0.0047 X  -0.0000 Y  -0.0000 Z
    Strength   :     0.0015052679
    D(    1) --> V(    1) amplitude = -0.3865
    D(    1) --> V(    2) amplitude =  0.2456
    D(    1) --> V(    5) amplitude =  0.8005
    D(    1) --> V(    6) amplitude =  0.3578

 Excited state   6: excitation energy (eV) =    2820.1995
 Total energy for state   6:                  -396.81712047 au
    Multiplicity: Singlet
    Trans. Mom.: -0.0002 X   0.0000 Y  -0.0000 Z
    Strength   :     0.0000034556
    D(    1) --> V(    5) amplitude = -0.4465
    D(    1) --> V(    6) amplitude =  0.8696

 Excited state   7: excitation energy (eV) =    2820.3116
 Total energy for state   7:                  -396.81300090 au
    Multiplicity: Singlet
    Trans. Mom.: -0.0000 X  -0.0025 Y   0.0001 Z
    Strength   :     0.0004210986
    D(    1) --> V(    7) amplitude =  0.9747

 Excited state   8: excitation energy (eV) =    2820.3120
 Total energy for state   8:                  -396.81298948 au
    Multiplicity: Singlet
    Trans. Mom.:  0.0000 X   0.0001 Y   0.0025 Z
    Strength   :     0.0004210828
    D(    1) --> V(    8) amplitude =  0.9747

 Excited state   9: excitation energy (eV) =    2821.3100
 Total energy for state   9:                  -396.77631088 au
    Multiplicity: Singlet
    Trans. Mom.: -0.0000 X  -0.0021 Y   0.0000 Z
    Strength   :     0.0002996032
    D(    1) --> V(    9) amplitude =  0.9733

 Excited state  10: excitation energy (eV) =    2821.3104
 Total energy for state  10:                  -396.77629625 au
    Multiplicity: Singlet
    Trans. Mom.:  0.0000 X   0.0000 Y   0.0021 Z
    Strength   :     0.0002989378
    D(    1) --> V(   10) amplitude =  0.9733

 Excited state  11: excitation energy (eV) =    2822.3623
 Total energy for state  11:                  -396.73764153 au
    Multiplicity: Singlet
    Trans. Mom.: -0.0000 X  -0.0007 Y   0.0000 Z
    Strength   :     0.0000312855
    D(    1) --> V(   12) amplitude =  0.9739

 Excited state  12: excitation energy (eV) =    2822.3630
 Total energy for state  12:                  -396.73761578 au
    Multiplicity: Singlet
    Trans. Mom.:  0.0000 X   0.0000 Y   0.0007 Z
    Strength   :     0.0000311366
    D(    1) --> V(   13) amplitude =  0.9739

 Excited state  13: excitation energy (eV) =    2822.9264
 Total energy for state  13:                  -396.71691029 au
    Multiplicity: Singlet
    Trans. Mom.: -0.0014 X   0.0000 Y  -0.0000 Z
    Strength   :     0.0001274560
    D(    1) --> V(   11) amplitude =  0.9814

 Excited state  14: excitation energy (eV) =    2823.4884
 Total energy for state  14:                  -396.69625622 au
    Multiplicity: Singlet
    Trans. Mom.: -0.0000 X  -0.0001 Y   0.0000 Z
    Strength   :     0.0000012221
    D(    1) --> V(   14) amplitude =  0.9724

 Excited state  15: excitation energy (eV) =    2823.4899
 Total energy for state  15:                  -396.69620115 au
    Multiplicity: Singlet
    Trans. Mom.:  0.0000 X   0.0000 Y   0.0001 Z
    Strength   :     0.0000012911
    D(    1) --> V(   15) amplitude =  0.9724

 Excited state  16: excitation energy (eV) =    2824.0908
 Total energy for state  16:                  -396.67411967 au
    Multiplicity: Singlet
    Trans. Mom.:  0.0056 X   0.0000 Y  -0.0000 Z
    Strength   :     0.0021375928
    D(    1) --> V(   16) amplitude =  0.7179
    D(    1) --> V(   17) amplitude =  0.6304

 Excited state  17: excitation energy (eV) =    2824.5323
 Total energy for state  17:                  -396.65789307 au
    Multiplicity: Singlet
    Trans. Mom.:  0.0021 X   0.0000 Y   0.0000 Z
    Strength   :     0.0003067344
    D(    1) --> V(   16) amplitude = -0.6737
    D(    1) --> V(   17) amplitude =  0.7070

 Excited state  18: excitation energy (eV) =    2824.7010
 Total energy for state  18:                  -396.65169438 au
    Multiplicity: Singlet
    Trans. Mom.: -0.0000 X   0.0001 Y   0.0036 Z
    Strength   :     0.0008922303
    D(    1) --> V(   19) amplitude =  0.9609

 Excited state  19: excitation energy (eV) =    2824.7010
 Total energy for state  19:                  -396.65169366 au
    Multiplicity: Singlet
    Trans. Mom.: -0.0000 X   0.0036 Y  -0.0001 Z
    Strength   :     0.0008921595
    D(    1) --> V(   18) amplitude =  0.9609

 Excited state  20: excitation energy (eV) =    2825.8922
 Total energy for state  20:                  -396.60791903 au
    Multiplicity: Singlet
    Trans. Mom.:  0.0000 X   0.0053 Y   0.0000 Z
    Strength   :     0.0019452481
    D(    1) --> V(   18) amplitude = -0.2215
    D(    1) --> V(   21) amplitude =  0.9536

 Excited state  21: excitation energy (eV) =    2825.8931
 Total energy for state  21:                  -396.60788530 au
    Multiplicity: Singlet
    Trans. Mom.: -0.0000 X   0.0000 Y  -0.0053 Z
    Strength   :     0.0019454613
    D(    1) --> V(   19) amplitude =  0.2214
    D(    1) --> V(   22) amplitude =  0.9537

 Excited state  22: excitation energy (eV) =    2825.9165
 Total energy for state  22:                  -396.60702572 au
    Multiplicity: Singlet
    Trans. Mom.:  0.0000 X   0.0000 Y  -0.0000 Z
    Strength   :     0.0000001185
    D(    1) --> V(   20) amplitude =  1.0000

 Excited state  23: excitation energy (eV) =    2826.3090
 Total energy for state  23:                  -396.59260042 au
    Multiplicity: Singlet
    Trans. Mom.:  0.0021 X  -0.0000 Y  -0.0000 Z
    Strength   :     0.0003180733
    D(    1) --> V(   17) amplitude = -0.2407
    D(    1) --> V(   23) amplitude =  0.9528

 Excited state  24: excitation energy (eV) =    2827.1737
 Total energy for state  24:                  -396.56082494 au
    Multiplicity: Singlet
    Trans. Mom.: -0.0000 X  -0.0035 Y   0.0000 Z
    Strength   :     0.0008345258
    D(    1) --> V(   26) amplitude =  0.9377

 Excited state  25: excitation energy (eV) =    2827.1742
 Total energy for state  25:                  -396.56080598 au
    Multiplicity: Singlet
    Trans. Mom.: -0.0000 X  -0.0000 Y  -0.0035 Z
    Strength   :     0.0008346851
    D(    1) --> V(   25) amplitude =  0.9375

 Excited state  26: excitation energy (eV) =    2827.4399
 Total energy for state  26:                  -396.55104104 au
    Multiplicity: Singlet
    Trans. Mom.: -0.0003 X   0.0000 Y   0.0000 Z
    Strength   :     0.0000073305
    D(    1) --> V(   24) amplitude =  0.9772

 Excited state  27: excitation energy (eV) =    2828.5451
 Total energy for state  27:                  -396.51042754 au
    Multiplicity: Singlet
    Trans. Mom.: -0.0000 X  -0.0000 Y   0.0015 Z
    Strength   :     0.0001627983
    D(    1) --> V(   25) amplitude =  0.2349
    D(    1) --> V(   27) amplitude =  0.9613

 Excited state  28: excitation energy (eV) =    2828.5473
 Total energy for state  28:                  -396.51034756 au
    Multiplicity: Singlet
    Trans. Mom.: -0.0000 X   0.0015 Y   0.0000 Z
    Strength   :     0.0001626504
    D(    1) --> V(   26) amplitude =  0.2338
    D(    1) --> V(   28) amplitude =  0.9616

 Excited state  29: excitation energy (eV) =    2828.8012
 Total energy for state  29:                  -396.50101421 au
    Multiplicity: Singlet
    Trans. Mom.:  0.0018 X   0.0000 Y   0.0000 Z
    Strength   :     0.0002342450
    D(    1) --> V(   29) amplitude =  0.9877

 Excited state  30: excitation energy (eV) =    2830.3543
 Total energy for state  30:                  -396.44394180 au
    Multiplicity: Singlet
    Trans. Mom.: -0.0000 X   0.0000 Y   0.0014 Z
    Strength   :     0.0001425869
    D(    1) --> V(   30) amplitude =  0.9574

 Excited state  31: excitation energy (eV) =    2830.3562
 Total energy for state  31:                  -396.44386967 au
    Multiplicity: Singlet
    Trans. Mom.:  0.0000 X  -0.0014 Y   0.0000 Z
    Strength   :     0.0001429604
    D(    1) --> V(   31) amplitude =  0.9574

 Excited state  32: excitation energy (eV) =    2832.2761
 Total energy for state  32:                  -396.37331538 au
    Multiplicity: Singlet
    Trans. Mom.: -0.0000 X  -0.0029 Y   0.0000 Z
    Strength   :     0.0006033769
    D(    1) --> V(   33) amplitude =  0.8528
    D(    1) --> V(   36) amplitude =  0.4755

 Excited state  33: excitation energy (eV) =    2832.2762
 Total energy for state  33:                  -396.37331012 au
    Multiplicity: Singlet
    Trans. Mom.:  0.0000 X   0.0000 Y   0.0029 Z
    Strength   :     0.0005980346
    D(    1) --> V(   34) amplitude =  0.8514
    D(    1) --> V(   35) amplitude =  0.4783

 Excited state  34: excitation energy (eV) =    2832.3069
 Total energy for state  34:                  -396.37218369 au
    Multiplicity: Singlet
    Trans. Mom.: -0.0006 X   0.0001 Y   0.0000 Z
    Strength   :     0.0000294722
    D(    1) --> V(   32) amplitude =  0.9923

 Excited state  35: excitation energy (eV) =    2832.9383
 Total energy for state  35:                  -396.34897807 au
    Multiplicity: Singlet
    Trans. Mom.: -0.0000 X  -0.0000 Y  -0.0045 Z
    Strength   :     0.0014239515
    D(    1) --> V(   34) amplitude = -0.4926
    D(    1) --> V(   35) amplitude =  0.8432

 Excited state  36: excitation energy (eV) =    2832.9398
 Total energy for state  36:                  -396.34892289 au
    Multiplicity: Singlet
    Trans. Mom.:  0.0000 X   0.0045 Y  -0.0000 Z
    Strength   :     0.0014158689
    D(    1) --> V(   33) amplitude = -0.4899
    D(    1) --> V(   36) amplitude =  0.8447

 Excited state  37: excitation energy (eV) =    2834.0904
 Total energy for state  37:                  -396.30663901 au
    Multiplicity: Singlet
    Trans. Mom.: -0.0065 X  -0.0000 Y   0.0000 Z
    Strength   :     0.0029600373
    D(    1) --> V(   37) amplitude =  0.8549
    D(    1) --> V(   38) amplitude = -0.4697

 Excited state  38: excitation energy (eV) =    2836.5049
 Total energy for state  38:                  -396.21791115 au
    Multiplicity: Singlet
    Trans. Mom.:  0.0023 X   0.0000 Y  -0.0000 Z
    Strength   :     0.0003628774
    D(    1) --> V(   37) amplitude =  0.4616
    D(    1) --> V(   38) amplitude =  0.8752

 Excited state  39: excitation energy (eV) =    2836.5949
 Total energy for state  39:                  -396.21460271 au
    Multiplicity: Singlet
    Trans. Mom.: -0.0000 X   0.0016 Y  -0.0000 Z
    Strength   :     0.0001799213
    D(    1) --> V(   39) amplitude =  0.9817

 Excited state  40: excitation energy (eV) =    2836.5966
 Total energy for state  40:                  -396.21454039 au
    Multiplicity: Singlet
    Trans. Mom.:  0.0000 X  -0.0000 Y  -0.0016 Z
    Strength   :     0.0001840987
    D(    1) --> V(   40) amplitude =  0.9815

 Excited state  41: excitation energy (eV) =    2837.3152
 Total energy for state  41:                  -396.18813292 au
    Multiplicity: Singlet
    Trans. Mom.: -0.0000 X  -0.0000 Y  -0.0052 Z
    Strength   :     0.0018518107
    D(    1) --> V(   41) amplitude =  0.9753

 Excited state  42: excitation energy (eV) =    2837.3209
 Total energy for state  42:                  -396.18792250 au
    Multiplicity: Singlet
    Trans. Mom.:  0.0001 X   0.0052 Y  -0.0000 Z
    Strength   :     0.0018567361
    D(    1) --> V(   42) amplitude =  0.9755

 Excited state  43: excitation energy (eV) =    2837.3991
 Total energy for state  43:                  -396.18504969 au
    Multiplicity: Singlet
    Trans. Mom.:  0.0038 X  -0.0002 Y  -0.0000 Z
    Strength   :     0.0010153501
    D(    1) --> V(   43) amplitude =  0.9731

 Excited state  44: excitation energy (eV) =    2841.8262
 Total energy for state  44:                  -396.02235482 au
    Multiplicity: Singlet
    Trans. Mom.: -0.0000 X   0.0031 Y  -0.0000 Z
    Strength   :     0.0006490782
    D(    1) --> V(   44) amplitude =  0.9915

 Excited state  45: excitation energy (eV) =    2841.8268
 Total energy for state  45:                  -396.02233243 au
    Multiplicity: Singlet
    Trans. Mom.: -0.0000 X   0.0000 Y   0.0031 Z
    Strength   :     0.0006483930
    D(    1) --> V(   45) amplitude =  0.9915

 Excited state  46: excitation energy (eV) =    2845.9404
 Total energy for state  46:                  -395.87116294 au
    Multiplicity: Singlet
    Trans. Mom.:  0.0000 X  -0.0001 Y   0.0023 Z
    Strength   :     0.0003800995
    D(    1) --> V(   46) amplitude =  0.9964

 Excited state  47: excitation energy (eV) =    2845.9405
 Total energy for state  47:                  -395.87115818 au
    Multiplicity: Singlet
    Trans. Mom.:  0.0000 X   0.0023 Y   0.0001 Z
    Strength   :     0.0003806228
    D(    1) --> V(   47) amplitude =  0.9964

 Excited state  48: excitation energy (eV) =    2846.7711
 Total energy for state  48:                  -395.84063488 au
    Multiplicity: Singlet
    Trans. Mom.: -0.0040 X  -0.0000 Y   0.0000 Z
    Strength   :     0.0010906990
    D(    1) --> V(   48) amplitude =  0.9779

 Excited state  49: excitation energy (eV) =    2851.3947
 Total energy for state  49:                  -395.67072019 au
    Multiplicity: Singlet
    Trans. Mom.: -0.0020 X   0.0000 Y   0.0000 Z
    Strength   :     0.0002898631
    D(    1) --> V(   49) amplitude =  0.9785

 Excited state  50: excitation energy (eV) =    2861.0605
 Total energy for state  50:                  -395.31550636 au
    Multiplicity: Singlet
    Trans. Mom.:  0.0000 X   0.0000 Y  -0.0000 Z
    Strength   :     0.0000000000
    D(    1) --> V(   50) amplitude =  1.0000

 Excited state  51: excitation energy (eV) =    2862.7032
 Total energy for state  51:                  -395.25513983 au
    Multiplicity: Singlet
    Trans. Mom.: -0.0000 X   0.0000 Y   0.0020 Z
    Strength   :     0.0002941439
    D(    1) --> V(   51) amplitude =  0.9682
    D(    1) --> V(   58) amplitude = -0.2214

 Excited state  52: excitation energy (eV) =    2862.7045
 Total energy for state  52:                  -395.25509349 au
    Multiplicity: Singlet
    Trans. Mom.: -0.0000 X   0.0021 Y  -0.0000 Z
    Strength   :     0.0002947676
    D(    1) --> V(   52) amplitude =  0.9682
    D(    1) --> V(   59) amplitude = -0.2212

 Excited state  53: excitation energy (eV) =    2863.9612
 Total energy for state  53:                  -395.20890848 au
    Multiplicity: Singlet
    Trans. Mom.:  0.0034 X   0.0000 Y   0.0000 Z
    Strength   :     0.0007961785
    D(    1) --> V(   53) amplitude =  0.9875

 Excited state  54: excitation energy (eV) =    2865.4366
 Total energy for state  54:                  -395.15468802 au
    Multiplicity: Singlet
    Trans. Mom.:  0.0000 X  -0.0033 Y   0.0000 Z
    Strength   :     0.0007853797
    D(    1) --> V(   55) amplitude =  0.9775

 Excited state  55: excitation energy (eV) =    2865.4370
 Total energy for state  55:                  -395.15467580 au
    Multiplicity: Singlet
    Trans. Mom.: -0.0000 X   0.0000 Y   0.0033 Z
    Strength   :     0.0007861477
    D(    1) --> V(   56) amplitude =  0.9811

 Excited state  56: excitation energy (eV) =    2865.5994
 Total energy for state  56:                  -395.14870665 au
    Multiplicity: Singlet
    Trans. Mom.: -0.0032 X  -0.0000 Y  -0.0000 Z
    Strength   :     0.0007210355
    D(    1) --> V(   54) amplitude =  0.7718
    D(    1) --> V(   57) amplitude =  0.6119

 Excited state  57: excitation energy (eV) =    2866.6924
 Total energy for state  57:                  -395.10854117 au
    Multiplicity: Singlet
    Trans. Mom.:  0.0002 X  -0.0000 Y  -0.0000 Z
    Strength   :     0.0000021837
    D(    1) --> V(   54) amplitude = -0.6112
    D(    1) --> V(   57) amplitude =  0.7831

 Excited state  58: excitation energy (eV) =    2866.8272
 Total energy for state  58:                  -395.10358614 au
    Multiplicity: Singlet
    Trans. Mom.:  0.0000 X  -0.0000 Y  -0.0007 Z
    Strength   :     0.0000331738
    D(    1) --> V(   58) amplitude =  0.9527

 Excited state  59: excitation energy (eV) =    2866.8319
 Total energy for state  59:                  -395.10341193 au
    Multiplicity: Singlet
    Trans. Mom.:  0.0000 X  -0.0007 Y   0.0000 Z
    Strength   :     0.0000336888
    D(    1) --> V(   59) amplitude =  0.9527

 Excited state  60: excitation energy (eV) =    2868.0368
 Total energy for state  60:                  -395.05913278 au
    Multiplicity: Singlet
    Trans. Mom.:  0.0000 X  -0.0000 Y  -0.0004 Z
    Strength   :     0.0000110317
    D(    1) --> V(   61) amplitude =  0.9640

 Excited state  61: excitation energy (eV) =    2868.0368
 Total energy for state  61:                  -395.05913178 au
    Multiplicity: Singlet
    Trans. Mom.: -0.0000 X  -0.0004 Y   0.0000 Z
    Strength   :     0.0000110039
    D(    1) --> V(   60) amplitude =  0.9639

 Excited state  62: excitation energy (eV) =    2872.2918
 Total energy for state  62:                  -394.90276687 au
    Multiplicity: Singlet
    Trans. Mom.: -0.0000 X   0.0026 Y  -0.0000 Z
    Strength   :     0.0004828396
    D(    1) --> V(   62) amplitude =  0.9834

 Excited state  63: excitation energy (eV) =    2872.2928
 Total energy for state  63:                  -394.90273018 au
    Multiplicity: Singlet
    Trans. Mom.: -0.0000 X  -0.0000 Y  -0.0026 Z
    Strength   :     0.0004841002
    D(    1) --> V(   63) amplitude =  0.9835

 Excited state  64: excitation energy (eV) =    2872.5093
 Total energy for state  64:                  -394.89477085 au
    Multiplicity: Singlet
    Trans. Mom.:  0.0000 X  -0.0000 Y  -0.0000 Z
    Strength   :     0.0000000055
    D(    1) --> V(   65) amplitude =  1.0000

 Excited state  65: excitation energy (eV) =    2872.6552
 Total energy for state  65:                  -394.88941170 au
    Multiplicity: Singlet
    Trans. Mom.: -0.0021 X   0.0000 Y  -0.0000 Z
    Strength   :     0.0003099234
    D(    1) --> V(   64) amplitude = -0.6323
    D(    1) --> V(   66) amplitude =  0.7723

 Excited state  66: excitation energy (eV) =    2874.0004
 Total energy for state  66:                  -394.83997620 au
    Multiplicity: Singlet
    Trans. Mom.:  0.0061 X   0.0000 Y  -0.0000 Z
    Strength   :     0.0025800600
    D(    1) --> V(   64) amplitude =  0.7526
    D(    1) --> V(   66) amplitude =  0.6305

 Excited state  67: excitation energy (eV) =    2878.4711
 Total energy for state  67:                  -394.67567882 au
    Multiplicity: Singlet
    Trans. Mom.: -0.0000 X   0.0121 Y   0.0020 Z
    Strength   :     0.0105509198
    D(    1) --> V(   68) amplitude =  0.7578
    D(    1) --> V(   73) amplitude =  0.5859

 Excited state  68: excitation energy (eV) =    2878.4713
 Total energy for state  68:                  -394.67567418 au
    Multiplicity: Singlet
    Trans. Mom.:  0.0000 X  -0.0020 Y   0.0121 Z
    Strength   :     0.0105391197
    D(    1) --> V(   67) amplitude =  0.7580
    D(    1) --> V(   74) amplitude =  0.5856

 Excited state  69: excitation energy (eV) =    2878.7604
 Total energy for state  69:                  -394.66504708 au
    Multiplicity: Singlet
    Trans. Mom.:  0.0122 X   0.0000 Y  -0.0000 Z
    Strength   :     0.0104544057
    D(    1) --> V(   69) amplitude =  0.8189
    D(    1) --> V(   70) amplitude = -0.5247

 Excited state  70: excitation energy (eV) =    2879.5904
 Total energy for state  70:                  -394.63454835 au
    Multiplicity: Singlet
    Trans. Mom.:  0.0000 X   0.0002 Y   0.0125 Z
    Strength   :     0.0110722868
    D(    1) --> V(   67) amplitude = -0.6212
    D(    1) --> V(   71) amplitude =  0.2191
    D(    1) --> V(   74) amplitude =  0.7280

 Excited state  71: excitation energy (eV) =    2879.5910
 Total energy for state  71:                  -394.63452317 au
    Multiplicity: Singlet
    Trans. Mom.:  0.0000 X   0.0125 Y  -0.0002 Z
    Strength   :     0.0110600719
    D(    1) --> V(   68) amplitude = -0.6216
    D(    1) --> V(   72) amplitude = -0.2189
    D(    1) --> V(   73) amplitude =  0.7278

 Excited state  72: excitation energy (eV) =    2880.1566
 Total energy for state  72:                  -394.61373946 au
    Multiplicity: Singlet
    Trans. Mom.: -0.0046 X   0.0000 Y   0.0000 Z
    Strength   :     0.0014969442
    D(    1) --> V(   69) amplitude =  0.5350
    D(    1) --> V(   70) amplitude =  0.8394

 Excited state  73: excitation energy (eV) =    2883.8126
 Total energy for state  73:                  -394.47938464 au
    Multiplicity: Singlet
    Trans. Mom.:  0.0000 X   0.0000 Y  -0.0003 Z
    Strength   :     0.0000059377
    D(    1) --> V(   71) amplitude =  0.9600
    D(    1) --> V(   74) amplitude = -0.2781

 Excited state  74: excitation energy (eV) =    2883.8141
 Total energy for state  74:                  -394.47932935 au
    Multiplicity: Singlet
    Trans. Mom.:  0.0000 X   0.0003 Y   0.0000 Z
    Strength   :     0.0000058229
    D(    1) --> V(   72) amplitude =  0.9601
    D(    1) --> V(   73) amplitude =  0.2779

 Excited state  75: excitation energy (eV) =    2889.1499
 Total energy for state  75:                  -394.28323975 au
    Multiplicity: Singlet
    Trans. Mom.: -0.0000 X  -0.0039 Y   0.0000 Z
    Strength   :     0.0010732893
    D(    1) --> V(   75) amplitude =  0.9748

 Excited state  76: excitation energy (eV) =    2889.1511
 Total energy for state  76:                  -394.28319583 au
    Multiplicity: Singlet
    Trans. Mom.:  0.0000 X  -0.0000 Y  -0.0039 Z
    Strength   :     0.0010725435
    D(    1) --> V(   76) amplitude =  0.9748

 Excited state  77: excitation energy (eV) =    2892.4948
 Total energy for state  77:                  -394.16031923 au
    Multiplicity: Singlet
    Trans. Mom.: -0.0000 X  -0.0041 Y   0.0000 Z
    Strength   :     0.0011732297
    D(    1) --> V(   77) amplitude =  0.9874

 Excited state  78: excitation energy (eV) =    2892.4961
 Total energy for state  78:                  -394.16026955 au
    Multiplicity: Singlet
    Trans. Mom.: -0.0000 X   0.0000 Y   0.0041 Z
    Strength   :     0.0011738503
    D(    1) --> V(   78) amplitude =  0.9876

 Excited state  79: excitation energy (eV) =    2893.1533
 Total energy for state  79:                  -394.13612036 au
    Multiplicity: Singlet
    Trans. Mom.: -0.0066 X   0.0000 Y  -0.0000 Z
    Strength   :     0.0030894383
    D(    1) --> V(   79) amplitude =  0.9836

 Excited state  80: excitation energy (eV) =    2901.4197
 Total energy for state  80:                  -393.83233281 au
    Multiplicity: Singlet
    Trans. Mom.: -0.0075 X  -0.0000 Y   0.0000 Z
    Strength   :     0.0040260829
    D(    1) --> V(   82) amplitude =  0.9846

 Excited state  81: excitation energy (eV) =    2902.2000
 Total energy for state  81:                  -393.80365944 au
    Multiplicity: Singlet
    Trans. Mom.: -0.0000 X   0.0011 Y  -0.0000 Z
    Strength   :     0.0000890868
    D(    1) --> V(   80) amplitude =  0.9997

 Excited state  82: excitation energy (eV) =    2902.2003
 Total energy for state  82:                  -393.80364634 au
    Multiplicity: Singlet
    Trans. Mom.:  0.0000 X   0.0000 Y   0.0011 Z
    Strength   :     0.0000890716
    D(    1) --> V(   81) amplitude =  0.9997

 Excited state  83: excitation energy (eV) =    2909.3196
 Total energy for state  83:                  -393.54201765 au
    Multiplicity: Singlet
    Trans. Mom.:  0.0000 X   0.0000 Y   0.0000 Z
    Strength   :     0.0000000000
    D(    1) --> V(   83) amplitude =  1.0000

 Excited state  84: excitation energy (eV) =    2910.3980
 Total energy for state  84:                  -393.50238865 au
    Multiplicity: Singlet
    Trans. Mom.:  0.0000 X   0.0014 Y  -0.0000 Z
    Strength   :     0.0001415248
    D(    1) --> V(   84) amplitude =  0.9987

 Excited state  85: excitation energy (eV) =    2910.3987
 Total energy for state  85:                  -393.50236258 au
    Multiplicity: Singlet
    Trans. Mom.: -0.0000 X  -0.0000 Y  -0.0014 Z
    Strength   :     0.0001414992
    D(    1) --> V(   85) amplitude =  0.9987

 Excited state  86: excitation energy (eV) =    2915.1156
 Total energy for state  86:                  -393.32901850 au
    Multiplicity: Singlet
    Trans. Mom.:  0.0029 X  -0.0000 Y   0.0000 Z
    Strength   :     0.0006159128
    D(    1) --> V(   86) amplitude =  0.9969

 Excited state  87: excitation energy (eV) =    2916.9583
 Total energy for state  87:                  -393.26129979 au
    Multiplicity: Singlet
    Trans. Mom.:  0.0000 X   0.0022 Y  -0.0000 Z
    Strength   :     0.0003459590
    D(    1) --> V(   87) amplitude =  0.9988

 Excited state  88: excitation energy (eV) =    2916.9601
 Total energy for state  88:                  -393.26123411 au
    Multiplicity: Singlet
    Trans. Mom.:  0.0000 X  -0.0000 Y  -0.0022 Z
    Strength   :     0.0003459275
    D(    1) --> V(   88) amplitude =  0.9988

 Excited state  89: excitation energy (eV) =    2928.9653
 Total energy for state  89:                  -392.82005389 au
    Multiplicity: Singlet
    Trans. Mom.:  0.0075 X   0.0000 Y   0.0000 Z
    Strength   :     0.0040294262
    D(    1) --> V(   89) amplitude =  0.9968

 Excited state  90: excitation energy (eV) =    2934.6323
 Total energy for state  90:                  -392.61179384 au
    Multiplicity: Singlet
    Trans. Mom.:  0.0000 X  -0.0000 Y   0.0000 Z
    Strength   :     0.0000000039
    D(    1) --> V(   90) amplitude =  1.0000

 Excited state  91: excitation energy (eV) =    2934.6370
 Total energy for state  91:                  -392.61162164 au
    Multiplicity: Singlet
    Trans. Mom.: -0.0000 X   0.0000 Y   0.0000 Z
    Strength   :     0.0000000035
    D(    1) --> V(   91) amplitude =  1.0000

 Excited state  92: excitation energy (eV) =    2941.8033
 Total energy for state  92:                  -392.34826384 au
    Multiplicity: Singlet
    Trans. Mom.: -0.0015 X   0.0000 Y  -0.0000 Z
    Strength   :     0.0001610020
    D(    1) --> V(   92) amplitude =  0.9993

 Excited state  93: excitation energy (eV) =    3096.7080
 Total energy for state  93:                  -386.65561979 au
    Multiplicity: Singlet
    Trans. Mom.: -0.0000 X   0.0412 Y   0.0014 Z
    Strength   :     0.1290323934
    D(    1) --> V(   93) amplitude =  0.9993

 Excited state  94: excitation energy (eV) =    3096.7082
 Total energy for state  94:                  -386.65561505 au
    Multiplicity: Singlet
    Trans. Mom.: -0.0000 X   0.0014 Y  -0.0412 Z
    Strength   :     0.1290322355
    D(    1) --> V(   94) amplitude =  0.9993

 Excited state  95: excitation energy (eV) =    3107.1918
 Total energy for state  95:                  -386.27034931 au
    Multiplicity: Singlet
    Trans. Mom.:  0.0408 X   0.0000 Y  -0.0000 Z
    Strength   :     0.1265414746
    D(    1) --> V(   95) amplitude =  0.9992

 Excited state  96: excitation energy (eV) =    3428.3113
 Total energy for state  96:                  -374.46942360 au
    Multiplicity: Singlet
    Trans. Mom.: -0.0001 X   0.0000 Y  -0.0000 Z
    Strength   :     0.0000007292
    D(    1) --> V(   96) amplitude =  0.9999

 Excited state  97: excitation energy (eV) =    3500.8554
 Total energy for state  97:                  -371.80347695 au
    Multiplicity: Singlet
    Trans. Mom.:  0.0001 X  -0.0000 Y   0.0000 Z
    Strength   :     0.0000010049
    D(    1) --> V(   97) amplitude =  0.9999
 
 ---------------------------------------------------
 Starting SETmanPost()
  SETman timing summary (seconds)
  CPU time                62.63s
  System time              0.00s
  Wall time               25.12s
 
 --------------------------------------------------------------
 
                    Orbital Energies (a.u.)
 --------------------------------------------------------------
 
 Alpha MOs
 -- Occupied --
 -103.60096   -10.53145    -9.73375    -7.37617    -7.37120    -7.37120
   -0.87724    -0.70114    -0.46630    -0.46629    -0.42512    -0.31027
   -0.31027
 -- Virtual --
   -0.00041     0.01914     0.04762     0.04763     0.07234     0.09755
    0.09897     0.09898     0.12790     0.12792     0.18859     0.19330
    0.19333     0.23039     0.23044     0.24082     0.25630     0.25964
    0.25964     0.29139     0.31405     0.31409     0.31707     0.35511
    0.36286     0.36288     0.40026     0.40029     0.42651     0.47527
    0.47535     0.54446     0.60312     0.60319     0.62493     0.62505
    0.66618     0.69571     0.69641     0.69649     0.77594     0.77618
    0.79201     0.91570     0.91572     1.05549     1.05551     1.10970
    1.32321     1.59596     1.69003     1.69007     1.70994     1.80018
    1.80022     1.80024     1.92659     1.95886     1.95904     2.00072
    2.00074     2.06747     2.06750     2.08196     2.11484     2.13053
    2.31010     2.31013     2.32016     2.42169     2.43150     2.43157
    2.45625     2.45627     2.64815     2.64819     2.81182     2.81187
    2.81400     3.12744     3.12745     3.13635     3.38292     3.43498
    3.43500     3.60893     3.67258     3.67265     4.16961     4.30913
    4.30930     4.57816    11.06917    11.06917    11.44663    22.46297
   25.88595
 --------------------------------------------------------------
 
          Ground-State Mulliken Net Atomic Charges

     Atom                 Charge (a.u.)
  ----------------------------------------
      1 Cl                   -0.203338
      2 C                    -0.437933
      3 H                     0.213713
      4 H                     0.213712
      5 H                     0.213847
  ----------------------------------------
  Sum of atomic charges =     0.000000

 -----------------------------------------------------------------
                    Cartesian Multipole Moments
 -----------------------------------------------------------------
    Charge (ESU x 10^10)
                 0.0000
    Dipole Moment (Debye)
         X       1.9359      Y      -0.0002      Z       0.0000
       Tot       1.9359
    Quadrupole Moments (Debye-Ang)
        XX     -18.3384     XY       0.0000     YY     -20.0575
        XZ       0.0000     YZ      -0.0000     ZZ     -20.0577
    Octopole Moments (Debye-Ang^2)
       XXX      -2.1884    XXY      -0.0000    XYY       0.9831
       YYY       0.7917    XXZ       0.0000    XYZ       0.0000
       YYZ      -0.0022    XZZ       0.9828    YZZ      -0.7936
       ZZZ       0.0022
    Hexadecapole Moments (Debye-Ang^3)
      XXXX    -118.6373   XXXY       0.0004   XXYY     -24.7718
      XYYY       1.1587   YYYY     -29.6882   XXXZ       0.0000
      XXYZ      -0.0000   XYYZ      -0.0033   YYYZ      -0.0000
      XXZZ     -24.7724   XYZZ      -1.1580   YYZZ      -9.8960
      XZZZ       0.0033   YZZZ       0.0000   ZZZZ     -29.6879
 -----------------------------------------------------------------
 Total job time:  33.46s(wall), 176.87s(cpu) 
 Wed Oct 11 15:25:34 2023

        *************************************************************
        *                                                           *
        *  Thank you very much for using Q-Chem.  Have a nice day.  *
        *                                                           *
        *************************************************************


This is a multi-thread run using 20 threads
/users/PAS0291/aniketmandal95/qctrunk2/exe/qcprog.exe .ch3cl_xas.in.35672.qcin.1 /tmp/slurmtmp.24300634/qchem35672/

                  Welcome to Q-Chem
     A Quantum Leap Into The Future Of Chemistry


 Q-Chem 6.1 (devel), Q-Chem, Inc., Pleasanton, CA (2022)

 E. Epifanovsky,  A. T. B. Gilbert,  Xintian Feng,  Joonho Lee,  Yuezhi Mao,  
 N. Mardirossian,  P. Pokhilko,  A. White,  M. Wormit,  M. P. Coons,  
 A. L. Dempwolff,  Zhengting Gan,  D. Hait,  P. R. Horn,  L. D. Jacobson,  
 I. Kaliman,  J. Kussmann,  A. W. Lange,  Ka Un Lao,  D. S. Levine,  Jie Liu,  
 S. C. McKenzie,  A. F. Morrison,  K. D. Nanda,  F. Plasser,  D. R. Rehn,  
 M. L. Vidal,  Zhi-Qiang You,  Ying Zhu,  B. Alam,  B. Albrecht,  
 A. Aldossary,  E. Alguire,  J. H. Andersen,  V. Athavale,  D. Barton,  
 K. Begam,  A. Behn,  N. Bellonzi,  Y. A. Bernard,  E. J. Berquist,  
 H. Burton,  A. Carreras,  K. Carter-Fenk,  Mathew Chow,  Romit Chakraborty,  
 Chandrima Chakravarty,  Junhan Chen,  A. D. Chien,  K. D. Closser,  
 V. Cofer-Shabica,  L. Cunha,  S. Dasgupta,  Jia Deng,  M. de Wergifosse,  
 M. Diedenhofen,  Hainam Do,  S. Ehlert,  Po-Tung Fang,  S. Fatehi,  
 Qingguo Feng,  T. Friedhoff,  Thomas Froitzheim,  B. Ganoe,  J. Gayvert,  
 Qinghui Ge,  G. Gidofalvi,  M. Gimferrer,  M. Goldey,  Montgomery Gray,  
 J. Gomes,  C. Gonzalez-Espinoza,  S. Gulania,  A. Gunina,  J. A. Gyamfi,  
 M. W. D. Hanson-Heine,  P. H. P. Harbach,  A. W. Hauser,  M. F. Herbst,  
 M. Hernandez Vera,  M. Hodecker,  Z. C. Holden,  S. Houck,  Xunkun Huang,  
 Kerwin Hui,  B. C. Huynh,  K. Ikeda,  M. Ivanov,  Hyunjun Ji,  Zuxin Jin,  
 Hanjie Jiang,  Subrata Jana,  B. Kaduk,  S. Kaehler,  R. Kang,  
 K. Khistyaev,  Jaehoon Kim,  Yongbin Kim,  P. Klunzinger,  Z. Koczor-Benda,  
 Joong Hoon Koh,  D. Kosenkov,  Saikiran Kotaru,  L. Koulias,  T. Kowalczyk,  
 C. M. Krauter,  K. Kue,  A. Kunitsa,  T. Kus,  A. Landau,  K. V. Lawler,  
 D. Lefrancois,  S. Lehtola,  Rain Li,  Shaozhi Li,  Yi-Pei Li,  
 Jiashu Liang,  M. Liebenthal,  Hung-Hsuan Lin,  You-Sheng Lin,  Fenglai Liu,  
 Kuan-Yu Liu,  Xiao Liu,  M. Loipersberger,  A. Luenser,  C. Malbon,  
 A. Manjanath,  P. Manohar,  E. Mansoor,  S. F. Manzer,  Shan-Ping Mao,  
 A. V. Marenich,  T. Markovich,  S. Mason,  F. Matz,  S. A. Maurer,  
 P. F. McLaughlin,  M. F. S. J. Menger,  J.-M. Mewes,  S. A. Mewes,  
 P. Morgante,  Mohammad Mostafanejad,  J. W. Mullinax,  K. J. Oosterbaan,  
 G. Paran,  V. Parravicini,  Alexander C. Paul,  Suranjan K. Paul,  
 F. Pavosevic,  Zheng Pei,  S. Prager,  E. I. Proynov,  E. Ramos,  B. Rana,  
 A. E. Rask,  A. Rettig,  R. M. Richard,  F. Rob,  E. Rossomme,  T. Scheele,  
 M. Scheurer,  M. Schneider,  P. E. Schneider,  Tim K. Schramm,  N. Sergueev,  
 S. M. Sharada,  M. Sharma,  Hengyuan Shen,  W. Skomorowski,  D. W. Small,  
 C. J. Stein,  Alistair J. Sterling,  Yingli Su,  Yu-Chuan Su,  
 E. J. Sundstrom,  J. Talbot,  Zhen Tao,  J. Thirman,  Hung-Yi Tsai,  
 T. Tsuchimochi,  N. M. Tubman,  C. Utku,  S. P. Veccham,  O. Vydrov,  
 J. Wenzel,  Jonathan Wong,  J. Witte,  A. Yamada,  Chou-Hsun Yang,  Kun Yao,  
 S. Yeganeh,  S. R. Yost,  A. Zech,  F. Zeller,  Igor Ying Zhang,  
 Xing Zhang,  Yu Zhang,  D. Zuev,  A. Aspuru-Guzik,  A. T. Bell,  
 N. A. Besley,  K. B. Bravaya,  B. R. Brooks,  D. Casanova,  Jeng-Da Chai,  
 Hsing-Ta Chen,  S. Coriani,  C. J. Cramer,  A. E. DePrince, III,  
 R. A. DiStasio Jr.,  A. Dreuw,  B. D. Dunietz,  T. R. Furlani,  
 W. A. Goddard III,  S. Grimme,  S. Hammes-Schiffer,  T. Head-Gordon,  
 W. J. Hehre,  Chao-Ping Hsu,  T.-C. Jagau,  Yousung Jung,  A. Klamt,  
 Jing Kong,  D. S. Lambrecht,  Xiangyuan Li,  WanZhen Liang,  N. J. Mayhall,  
 C. W. McCurdy,  J. B. Neaton,  T. Neudecker,  C. Ochsenfeld,  
 J. A. Parkhill,  R. Peverati,  V. A. Rassolov,  Haisheng Ren,  Yihan Shao,  
 L. V. Slipchenko,  R. P. Steele,  J. E. Subotnik,  A. J. W. Thom,  
 A. Tkatchenko,  D. G. Truhlar,  T. Van Voorhis,  Fan Wang,  
 T. A. Wesolowski,  K. B. Whaley,  H. L. Woodcock III,  P. M. Zimmerman,  
 S. Faraji,  P. M. W. Gill,  M. Head-Gordon,  J. M. Herbert,  A. I. Krylov

 Contributors to earlier versions of Q-Chem not listed above: 
 R. D. Adamson,  B. Austin,  R. Baer,  J. Baker,  G. J. O. Beran,  
 K. Brandhorst,  S. T. Brown,  E. F. C. Byrd,  Arup K. Chakraborty,  
 G. K. L. Chan,  Chun-Min Chang,  Yunqing Chen,  C.-L. Cheng,  
 Siu Hung Chien,  D. M. Chipman,  D. L. Crittenden,  H. Dachsel,  
 R. J. Doerksen,  A. D. Dutoi,  R. G. Edgar,  J. Fosso-Tande,  
 L. Fusti-Molnar,  D. Ghosh,  A. Ghysels,  A. Golubeva-Zadorozhnaya,  
 J. Gonthier,  M. S. Gordon,  S. R. Gwaltney,  G. Hawkins,  J. E. Herr,  
 A. Heyden,  S. Hirata,  E. G. Hohenstein,  G. Kedziora,  F. J. Keil,  
 C. Kelley,  Jihan Kim,  R. A. King,  R. Z. Khaliullin,  P. P. Korambath,  
 W. Kurlancheek,  A. Laurent,  A. M. Lee,  M. S. Lee,  S. V. Levchenko,  
 Ching Yeh Lin,  D. Liotard,  E. Livshits,  R. C. Lochan,  I. Lotan,  
 L. A. Martinez-Martinez,  P. E. Maslen,  N. Nair,  D. P. O'Neill,  
 D. Neuhauser,  E. Neuscamman,  C. M. Oana,  R. Olivares-Amaya,  R. Olson,  
 T. M. Perrine,  B. Peters,  P. A. Pieniazek,  A. Prociuk,  Y. M. Rhee,  
 J. Ritchie,  M. A. Rohrdanz,  E. Rosta,  N. J. Russ,  H. F. Schaefer III,  
 M. W. Schmidt,  N. E. Schultz,  S. Sharma,  N. Shenvi,  C. D. Sherrill,  
 A. C. Simmonett,  A. Sodt,  T. Stein,  D. Stuck,  K. S. Thanthiriwatte,  
 V. Vanovschi,  L. Vogt,  Tao Wang,  A. Warshel,  M. A. Watson,  
 C. F. Williams,  Q. Wu,  X. Xu,  Jun Yang,  W. Zhang,  Yan Zhao

   Please cite Q-Chem as follows:
  "Software for the frontiers of quantum chemistry:
   An overview of developments in the Q-Chem 5 package"
   J. Chem. Phys. 155, 084801 (2021)
   https://doi.org/10.1063/5.0055522 (open access)

 Q-Chem 6.1.1 for Intel X86 EM64T Linux

 Parts of Q-Chem use Armadillo 9.900.5 (Nocturnal Misbehaviour).
 http://arma.sourceforge.net/

 Q-Chem begins on Wed Oct 11 15:33:47 2023  

 Host: p0165.ten.osc.edu
0

     Scratch files written to /tmp/slurmtmp.24300634/qchem35672//
 Processing $rem in /users/PAS0291/aniketmandal95/qctrunk2/config/preferences:
 Processing $rem in /users/PAS0291/aniketmandal95/.qchemrc:

 Checking the input file for inconsistencies... 	...done.

--------------------------------------------------------------
User input:
--------------------------------------------------------------
$molecule
0 1
Cl
C  1 1.786340
H  2 1.083833 1 108.465219
H  2 1.083833 1 108.465232 3 -119.997399 0
H  2 1.083924 1 108.468435 3 120.001308 0
$end

$rem
   EXCHANGE       src1-r2
   BASIS          def2-tzvpd
   !dftcis         1
   !dftcis_params  2
   CIS_N_ROOTS    100
   CIS_TRIPLETS   false
   TRNSS          true
   TRTYPE         3
   N_SOL          1
   REL_SHIFT      17
$end

$alist
1
$end

--------------------------------------------------------------
 ----------------------------------------------------------------
             Standard Nuclear Orientation (Angstroms)
    I     Atom           X                Y                Z
 ----------------------------------------------------------------
    1      Cl     -0.6579611748     0.0000032069     0.0000000045
    2      C       1.1283788251    -0.0000082844    -0.0000000122
    3      H       1.4716567654    -0.5148836133    -0.8898076449
    4      H       1.4716570261    -0.5132103431     0.8907736378
    5      H       1.4717532294     1.0280891445    -0.0009659970
 ----------------------------------------------------------------
 Molecular Point Group                 C1    NOp =  1
 Largest Abelian Subgroup              C1    NOp =  1
 Nuclear Repulsion Energy =          51.30811540 hartrees
 There are       13 alpha and       13 beta electrons
 Requested basis set is def2-TZVPD
 There are 44 shells and 110 basis functions

 Total QAlloc Memory Limit   2000 MB
 Mega-Array Size       188 MB
 MEM_STATIC part       192 MB


                       Distance Matrix (Angstroms)
             Cl(  1)   C (  2)   H (  3)   H (  4)
   C (  2)  1.786340
   H (  3)  2.364770  1.083833
   H (  4)  2.364770  1.083833  1.780582
   H (  5)  2.364877  1.083924  1.780675  1.780675
 
 A cutoff of  1.0D-12 yielded    987 shell pairs
 There are      6247 function pairs (      7723 Cartesian)
 Smallest overlap matrix eigenvalue = 3.64E-05

 Scale SEOQF with 1.000000e-01/1.000000e-01/1.000000e-01

 Standard Electronic Orientation quadrupole field applied
 Nucleus-field energy     =     0.0000000007 hartrees
 Guess from superposition of atomic densities
 Warning:  Energy on first SCF cycle will be non-variational
 SAD guess density has 26.000000 electrons

 -----------------------------------------------------------------------
  General SCF calculation program by
  Eric Jon Sundstrom, Paul Horn, Yuezhi Mao, Dmitri Zuev, Alec White,
  David Stuck, Shaama M.S., Shane Yost, Joonho Lee, David Small,
  Daniel Levine, Susi Lehtola, Hugh Burton, Evgeny Epifanovsky,
  Bang C. Huynh
 -----------------------------------------------------------------------
 Exchange:     0.8700 Hartree-Fock + 0.7500 B88 + -0.8700 muB88 + 0.2500 muB88src + LR-HF
               (Short-Range Corrected Functional)
 Correlation:  0.1900 VWN5 + 0.8100 LYP
 Using SG-1 standard quadrature grid

 using 20 threads for integral computing
 -------------------------------------------------------
 OpenMP Integral computing Module                
 Release: version 1.0, May 2013, Q-Chem Inc. Pittsburgh 
 -------------------------------------------------------
 A restricted SCF calculation will be
 performed using DIIS
 SCF converges when DIIS error is below 1.0e-08
 ---------------------------------------
  Cycle       Energy         DIIS error
 ---------------------------------------

    1    -500.5548119271      3.63e-02  

    2    -500.4372394162      3.64e-03  

    3    -500.4387577613      3.51e-03  

    4    -500.4569299975      6.42e-04  

    5    -500.4575292417      1.22e-04  

    6    -500.4575479317      2.54e-05  

    7    -500.4575487315      6.45e-06  

    8    -500.4575487902      5.32e-07  

    9    -500.4575487906      1.15e-07  
   10    -500.4575487906      8.56e-09  Convergence criterion met
 ---------------------------------------
 SCF time:   CPU 113.79s  wall 9.00s 
 SCF   energy =  -500.45754879
 Total energy =  -500.45754879
 MAX_CIS_SUBSPACE fits in available memory
 Direct TDDFT/TDA calculation will be performed
 Exchange:     0.8700 Hartree-Fock + 0.7500 B88 + -0.8700 muB88 + 0.2500 muB88src + LR-HF
               (Short-Range Corrected Functional)
 Correlation:  0.1900 VWN5 + 0.8100 LYP
 Using SG-1 standard quadrature grid
 Singlet excitation energies requested
 CIS energy converged when residual is below 10e- 6
   
 ***Using a Restricted Set of Single Excitations***
   
 RCIS calculation
   
 Excitations from specified occupied orbitals
 -------------------------------------------------------------
              Orbitals in Truncated CIS space
 -------------------------------------------------------------
     1  14  15  16  17  18  19  20  21  22  23  24  25  26  27
    28  29  30  31  32  33  34  35  36  37  38  39  40  41  42
    43  44  45  46  47  48  49  50  51  52  53  54  55  56  57
    58  59  60  61  62  63  64  65  66  67  68  69  70  71  72
    73  74  75  76  77  78  79  80  81  82  83  84  85  86  87
    88  89  90  91  92  93  94  95  96  97  98  99 100 101 102
   103 104 105 106 107 108 109 110
   
    Number of Occupied Orbitals =    1  out of    13
    Number of Virtual Orbitals  =   97  out of    97
 -------------------------------------------------------------
   
 Shift core-orbital energies to correct for              relativistic effects
   
 Shift for Cl: 10.44 eV
   
 Number of Roots adjusted to:          97
 ---------------------------------------------------
 Iter    Rts Conv    Rts Left    Ttl Dev     Max Dev
 ---------------------------------------------------
   1        97           0      0.048840    0.005942    Roots Converged
 ---------------------------------------------------
 
 ---------------------------------------------------
         TDDFT/TDA Excitation Energies              
 ---------------------------------------------------

 Excited state   1: excitation energy (eV) =    2826.5801
 Total energy for state   1:                  -396.58263797 au
    Multiplicity: Singlet
    Trans. Mom.: -0.0089 X   0.0000 Y   0.0000 Z
    Strength   :     0.0054553713
    D(    1) --> V(    1) amplitude =  0.7605
    D(    1) --> V(    2) amplitude = -0.4346
    D(    1) --> V(    5) amplitude =  0.3463
    D(    1) --> V(    6) amplitude =  0.3027

 Excited state   2: excitation energy (eV) =    2828.5154
 Total energy for state   2:                  -396.51151858 au
    Multiplicity: Singlet
    Trans. Mom.: -0.0003 X   0.0000 Y  -0.0000 Z
    Strength   :     0.0000049444
    D(    1) --> V(    1) amplitude =  0.4874
    D(    1) --> V(    2) amplitude =  0.8578

 Excited state   3: excitation energy (eV) =    2829.5609
 Total energy for state   3:                  -396.47309712 au
    Multiplicity: Singlet
    Trans. Mom.: -0.0000 X  -0.0000 Y   0.0031 Z
    Strength   :     0.0006654421
    D(    1) --> V(    3) amplitude =  0.9914

 Excited state   4: excitation energy (eV) =    2829.5610
 Total energy for state   4:                  -396.47309221 au
    Multiplicity: Singlet
    Trans. Mom.: -0.0000 X   0.0031 Y   0.0000 Z
    Strength   :     0.0006652386
    D(    1) --> V(    4) amplitude =  0.9914

 Excited state   5: excitation energy (eV) =    2829.7765
 Total energy for state   5:                  -396.46517209 au
    Multiplicity: Singlet
    Trans. Mom.: -0.0047 X  -0.0000 Y  -0.0000 Z
    Strength   :     0.0015108419
    D(    1) --> V(    1) amplitude = -0.3865
    D(    1) --> V(    2) amplitude =  0.2456
    D(    1) --> V(    5) amplitude =  0.8005
    D(    1) --> V(    6) amplitude =  0.3578

 Excited state   6: excitation energy (eV) =    2830.6395
 Total energy for state   6:                  -396.43345769 au
    Multiplicity: Singlet
    Trans. Mom.: -0.0002 X   0.0000 Y  -0.0000 Z
    Strength   :     0.0000034684
    D(    1) --> V(    5) amplitude = -0.4465
    D(    1) --> V(    6) amplitude =  0.8696

 Excited state   7: excitation energy (eV) =    2830.7516
 Total energy for state   7:                  -396.42933811 au
    Multiplicity: Singlet
    Trans. Mom.: -0.0000 X  -0.0025 Y   0.0001 Z
    Strength   :     0.0004226571
    D(    1) --> V(    7) amplitude =  0.9747

 Excited state   8: excitation energy (eV) =    2830.7519
 Total energy for state   8:                  -396.42932669 au
    Multiplicity: Singlet
    Trans. Mom.:  0.0000 X   0.0001 Y   0.0025 Z
    Strength   :     0.0004226413
    D(    1) --> V(    8) amplitude =  0.9747

 Excited state   9: excitation energy (eV) =    2831.7500
 Total energy for state   9:                  -396.39264809 au
    Multiplicity: Singlet
    Trans. Mom.: -0.0000 X  -0.0021 Y   0.0000 Z
    Strength   :     0.0003007119
    D(    1) --> V(    9) amplitude =  0.9733

 Excited state  10: excitation energy (eV) =    2831.7504
 Total energy for state  10:                  -396.39263347 au
    Multiplicity: Singlet
    Trans. Mom.:  0.0000 X   0.0000 Y   0.0021 Z
    Strength   :     0.0003000442
    D(    1) --> V(   10) amplitude =  0.9733

 Excited state  11: excitation energy (eV) =    2832.8023
 Total energy for state  11:                  -396.35397875 au
    Multiplicity: Singlet
    Trans. Mom.: -0.0000 X  -0.0007 Y   0.0000 Z
    Strength   :     0.0000314012
    D(    1) --> V(   12) amplitude =  0.9739

 Excited state  12: excitation energy (eV) =    2832.8030
 Total energy for state  12:                  -396.35395300 au
    Multiplicity: Singlet
    Trans. Mom.:  0.0000 X   0.0000 Y   0.0007 Z
    Strength   :     0.0000312518
    D(    1) --> V(   13) amplitude =  0.9739

 Excited state  13: excitation energy (eV) =    2833.3664
 Total energy for state  13:                  -396.33324751 au
    Multiplicity: Singlet
    Trans. Mom.: -0.0014 X   0.0000 Y  -0.0000 Z
    Strength   :     0.0001279273
    D(    1) --> V(   11) amplitude =  0.9814

 Excited state  14: excitation energy (eV) =    2833.9284
 Total energy for state  14:                  -396.31259343 au
    Multiplicity: Singlet
    Trans. Mom.: -0.0000 X  -0.0001 Y   0.0000 Z
    Strength   :     0.0000012266
    D(    1) --> V(   14) amplitude =  0.9724

 Excited state  15: excitation energy (eV) =    2833.9299
 Total energy for state  15:                  -396.31253836 au
    Multiplicity: Singlet
    Trans. Mom.:  0.0000 X   0.0000 Y   0.0001 Z
    Strength   :     0.0000012959
    D(    1) --> V(   15) amplitude =  0.9724

 Excited state  16: excitation energy (eV) =    2834.5308
 Total energy for state  16:                  -396.29045690 au
    Multiplicity: Singlet
    Trans. Mom.:  0.0056 X   0.0000 Y  -0.0000 Z
    Strength   :     0.0021454938
    D(    1) --> V(   16) amplitude =  0.7179
    D(    1) --> V(   17) amplitude =  0.6304

 Excited state  17: excitation energy (eV) =    2834.9723
 Total energy for state  17:                  -396.27423024 au
    Multiplicity: Singlet
    Trans. Mom.:  0.0021 X   0.0000 Y   0.0000 Z
    Strength   :     0.0003078694
    D(    1) --> V(   16) amplitude = -0.6737
    D(    1) --> V(   17) amplitude =  0.7070

 Excited state  18: excitation energy (eV) =    2835.1410
 Total energy for state  18:                  -396.26803157 au
    Multiplicity: Singlet
    Trans. Mom.: -0.0000 X   0.0001 Y   0.0036 Z
    Strength   :     0.0008955290
    D(    1) --> V(   19) amplitude =  0.9604

 Excited state  19: excitation energy (eV) =    2835.1410
 Total energy for state  19:                  -396.26803083 au
    Multiplicity: Singlet
    Trans. Mom.: -0.0000 X   0.0036 Y  -0.0001 Z
    Strength   :     0.0008954589
    D(    1) --> V(   18) amplitude =  0.9604

 Excited state  20: excitation energy (eV) =    2836.3322
 Total energy for state  20:                  -396.22425622 au
    Multiplicity: Singlet
    Trans. Mom.:  0.0000 X   0.0053 Y   0.0000 Z
    Strength   :     0.0019524326
    D(    1) --> V(   18) amplitude = -0.2215
    D(    1) --> V(   21) amplitude =  0.9536

 Excited state  21: excitation energy (eV) =    2836.3331
 Total energy for state  21:                  -396.22422249 au
    Multiplicity: Singlet
    Trans. Mom.: -0.0000 X   0.0000 Y  -0.0053 Z
    Strength   :     0.0019526474
    D(    1) --> V(   19) amplitude =  0.2214
    D(    1) --> V(   22) amplitude =  0.9537

 Excited state  22: excitation energy (eV) =    2836.3565
 Total energy for state  22:                  -396.22336294 au
    Multiplicity: Singlet
    Trans. Mom.:  0.0000 X   0.0000 Y  -0.0000 Z
    Strength   :     0.0000001192
    D(    1) --> V(   20) amplitude =  1.0000

 Excited state  23: excitation energy (eV) =    2836.7490
 Total energy for state  23:                  -396.20893762 au
    Multiplicity: Singlet
    Trans. Mom.:  0.0021 X  -0.0000 Y  -0.0000 Z
    Strength   :     0.0003192480
    D(    1) --> V(   17) amplitude = -0.2407
    D(    1) --> V(   23) amplitude =  0.9528

 Excited state  24: excitation energy (eV) =    2837.6137
 Total energy for state  24:                  -396.17716215 au
    Multiplicity: Singlet
    Trans. Mom.: -0.0000 X  -0.0035 Y   0.0000 Z
    Strength   :     0.0008376075
    D(    1) --> V(   26) amplitude =  0.9377

 Excited state  25: excitation energy (eV) =    2837.6142
 Total energy for state  25:                  -396.17714319 au
    Multiplicity: Singlet
    Trans. Mom.: -0.0000 X  -0.0000 Y  -0.0035 Z
    Strength   :     0.0008377669
    D(    1) --> V(   25) amplitude =  0.9375

 Excited state  26: excitation energy (eV) =    2837.8799
 Total energy for state  26:                  -396.16737825 au
    Multiplicity: Singlet
    Trans. Mom.: -0.0003 X   0.0000 Y   0.0000 Z
    Strength   :     0.0000073576
    D(    1) --> V(   24) amplitude =  0.9772

 Excited state  27: excitation energy (eV) =    2838.9851
 Total energy for state  27:                  -396.12676476 au
    Multiplicity: Singlet
    Trans. Mom.: -0.0000 X  -0.0000 Y   0.0015 Z
    Strength   :     0.0001633992
    D(    1) --> V(   25) amplitude =  0.2349
    D(    1) --> V(   27) amplitude =  0.9613

 Excited state  28: excitation energy (eV) =    2838.9873
 Total energy for state  28:                  -396.12668477 au
    Multiplicity: Singlet
    Trans. Mom.: -0.0000 X   0.0015 Y   0.0000 Z
    Strength   :     0.0001632509
    D(    1) --> V(   26) amplitude =  0.2338
    D(    1) --> V(   28) amplitude =  0.9616

 Excited state  29: excitation energy (eV) =    2839.2412
 Total energy for state  29:                  -396.11735143 au
    Multiplicity: Singlet
    Trans. Mom.:  0.0018 X   0.0000 Y   0.0000 Z
    Strength   :     0.0002351096
    D(    1) --> V(   29) amplitude =  0.9877

 Excited state  30: excitation energy (eV) =    2840.7942
 Total energy for state  30:                  -396.06027901 au
    Multiplicity: Singlet
    Trans. Mom.: -0.0000 X   0.0000 Y   0.0014 Z
    Strength   :     0.0001431128
    D(    1) --> V(   30) amplitude =  0.9574

 Excited state  31: excitation energy (eV) =    2840.7962
 Total energy for state  31:                  -396.06020688 au
    Multiplicity: Singlet
    Trans. Mom.:  0.0000 X  -0.0014 Y   0.0000 Z
    Strength   :     0.0001434877
    D(    1) --> V(   31) amplitude =  0.9574

 Excited state  32: excitation energy (eV) =    2842.7161
 Total energy for state  32:                  -395.98965260 au
    Multiplicity: Singlet
    Trans. Mom.: -0.0000 X  -0.0029 Y   0.0000 Z
    Strength   :     0.0006056010
    D(    1) --> V(   33) amplitude =  0.8528
    D(    1) --> V(   36) amplitude =  0.4755

 Excited state  33: excitation energy (eV) =    2842.7162
 Total energy for state  33:                  -395.98964734 au
    Multiplicity: Singlet
    Trans. Mom.:  0.0000 X   0.0000 Y   0.0029 Z
    Strength   :     0.0006002390
    D(    1) --> V(   34) amplitude =  0.8514
    D(    1) --> V(   35) amplitude =  0.4783

 Excited state  34: excitation energy (eV) =    2842.7469
 Total energy for state  34:                  -395.98852090 au
    Multiplicity: Singlet
    Trans. Mom.: -0.0006 X   0.0001 Y   0.0000 Z
    Strength   :     0.0000295807
    D(    1) --> V(   32) amplitude =  0.9923

 Excited state  35: excitation energy (eV) =    2843.3783
 Total energy for state  35:                  -395.96531528 au
    Multiplicity: Singlet
    Trans. Mom.: -0.0000 X  -0.0000 Y  -0.0045 Z
    Strength   :     0.0014291990
    D(    1) --> V(   34) amplitude = -0.4926
    D(    1) --> V(   35) amplitude =  0.8432

 Excited state  36: excitation energy (eV) =    2843.3798
 Total energy for state  36:                  -395.96526011 au
    Multiplicity: Singlet
    Trans. Mom.:  0.0000 X   0.0045 Y  -0.0000 Z
    Strength   :     0.0014210867
    D(    1) --> V(   33) amplitude = -0.4899
    D(    1) --> V(   36) amplitude =  0.8447

 Excited state  37: excitation energy (eV) =    2844.5304
 Total energy for state  37:                  -395.92297623 au
    Multiplicity: Singlet
    Trans. Mom.: -0.0065 X  -0.0000 Y   0.0000 Z
    Strength   :     0.0029709416
    D(    1) --> V(   37) amplitude =  0.8549
    D(    1) --> V(   38) amplitude = -0.4697

 Excited state  38: excitation energy (eV) =    2846.9449
 Total energy for state  38:                  -395.83424829 au
    Multiplicity: Singlet
    Trans. Mom.:  0.0023 X   0.0000 Y  -0.0000 Z
    Strength   :     0.0003642136
    D(    1) --> V(   37) amplitude =  0.4616
    D(    1) --> V(   38) amplitude =  0.8752

 Excited state  39: excitation energy (eV) =    2847.0349
 Total energy for state  39:                  -395.83093985 au
    Multiplicity: Singlet
    Trans. Mom.:  0.0000 X  -0.0016 Y   0.0000 Z
    Strength   :     0.0001805838
    D(    1) --> V(   39) amplitude =  0.9817

 Excited state  40: excitation energy (eV) =    2847.0366
 Total energy for state  40:                  -395.83087756 au
    Multiplicity: Singlet
    Trans. Mom.: -0.0000 X  -0.0000 Y  -0.0016 Z
    Strength   :     0.0001847773
    D(    1) --> V(   40) amplitude =  0.9815

 Excited state  41: excitation energy (eV) =    2847.7552
 Total energy for state  41:                  -395.80447014 au
    Multiplicity: Singlet
    Trans. Mom.: -0.0000 X  -0.0000 Y  -0.0052 Z
    Strength   :     0.0018586235
    D(    1) --> V(   41) amplitude =  0.9753

 Excited state  42: excitation energy (eV) =    2847.7609
 Total energy for state  42:                  -395.80425971 au
    Multiplicity: Singlet
    Trans. Mom.:  0.0001 X   0.0052 Y  -0.0000 Z
    Strength   :     0.0018635676
    D(    1) --> V(   42) amplitude =  0.9755

 Excited state  43: excitation energy (eV) =    2847.8391
 Total energy for state  43:                  -395.80138690 au
    Multiplicity: Singlet
    Trans. Mom.:  0.0038 X  -0.0002 Y  -0.0000 Z
    Strength   :     0.0010190851
    D(    1) --> V(   43) amplitude =  0.9731

 Excited state  44: excitation energy (eV) =    2852.2662
 Total energy for state  44:                  -395.63869204 au
    Multiplicity: Singlet
    Trans. Mom.: -0.0000 X   0.0031 Y  -0.0000 Z
    Strength   :     0.0006514627
    D(    1) --> V(   44) amplitude =  0.9915

 Excited state  45: excitation energy (eV) =    2852.2668
 Total energy for state  45:                  -395.63866964 au
    Multiplicity: Singlet
    Trans. Mom.: -0.0000 X   0.0000 Y   0.0031 Z
    Strength   :     0.0006507750
    D(    1) --> V(   45) amplitude =  0.9915

 Excited state  46: excitation energy (eV) =    2856.3804
 Total energy for state  46:                  -395.48750016 au
    Multiplicity: Singlet
    Trans. Mom.:  0.0000 X  -0.0001 Y   0.0023 Z
    Strength   :     0.0003814938
    D(    1) --> V(   46) amplitude =  0.9964

 Excited state  47: excitation energy (eV) =    2856.3805
 Total energy for state  47:                  -395.48749540 au
    Multiplicity: Singlet
    Trans. Mom.:  0.0000 X   0.0023 Y   0.0001 Z
    Strength   :     0.0003820191
    D(    1) --> V(   47) amplitude =  0.9964

 Excited state  48: excitation energy (eV) =    2857.2111
 Total energy for state  48:                  -395.45697210 au
    Multiplicity: Singlet
    Trans. Mom.: -0.0040 X  -0.0000 Y   0.0000 Z
    Strength   :     0.0010946990
    D(    1) --> V(   48) amplitude =  0.9779

 Excited state  49: excitation energy (eV) =    2861.8347
 Total energy for state  49:                  -395.28705740 au
    Multiplicity: Singlet
    Trans. Mom.: -0.0020 X   0.0000 Y   0.0000 Z
    Strength   :     0.0002909244
    D(    1) --> V(   49) amplitude =  0.9785

 Excited state  50: excitation energy (eV) =    2871.5005
 Total energy for state  50:                  -394.93184358 au
    Multiplicity: Singlet
    Trans. Mom.:  0.0000 X   0.0000 Y  -0.0000 Z
    Strength   :     0.0000000000
    D(    1) --> V(   50) amplitude =  1.0000

 Excited state  51: excitation energy (eV) =    2873.1432
 Total energy for state  51:                  -394.87147705 au
    Multiplicity: Singlet
    Trans. Mom.: -0.0000 X   0.0000 Y   0.0020 Z
    Strength   :     0.0002952166
    D(    1) --> V(   51) amplitude =  0.9682
    D(    1) --> V(   58) amplitude = -0.2214

 Excited state  52: excitation energy (eV) =    2873.1445
 Total energy for state  52:                  -394.87143071 au
    Multiplicity: Singlet
    Trans. Mom.: -0.0000 X   0.0021 Y  -0.0000 Z
    Strength   :     0.0002958426
    D(    1) --> V(   52) amplitude =  0.9682
    D(    1) --> V(   59) amplitude = -0.2212

 Excited state  53: excitation energy (eV) =    2874.4012
 Total energy for state  53:                  -394.82524568 au
    Multiplicity: Singlet
    Trans. Mom.:  0.0034 X   0.0000 Y   0.0000 Z
    Strength   :     0.0007990809
    D(    1) --> V(   53) amplitude =  0.9875

 Excited state  54: excitation energy (eV) =    2875.8766
 Total energy for state  54:                  -394.77102524 au
    Multiplicity: Singlet
    Trans. Mom.:  0.0000 X  -0.0033 Y   0.0000 Z
    Strength   :     0.0007882412
    D(    1) --> V(   55) amplitude =  0.9775

 Excited state  55: excitation energy (eV) =    2875.8770
 Total energy for state  55:                  -394.77101302 au
    Multiplicity: Singlet
    Trans. Mom.: -0.0000 X   0.0000 Y   0.0033 Z
    Strength   :     0.0007890120
    D(    1) --> V(   56) amplitude =  0.9811

 Excited state  56: excitation energy (eV) =    2876.0394
 Total energy for state  56:                  -394.76504386 au
    Multiplicity: Singlet
    Trans. Mom.: -0.0032 X  -0.0000 Y  -0.0000 Z
    Strength   :     0.0007236622
    D(    1) --> V(   54) amplitude =  0.7718
    D(    1) --> V(   57) amplitude =  0.6119

 Excited state  57: excitation energy (eV) =    2877.1323
 Total energy for state  57:                  -394.72487839 au
    Multiplicity: Singlet
    Trans. Mom.:  0.0002 X  -0.0000 Y  -0.0000 Z
    Strength   :     0.0000021916
    D(    1) --> V(   54) amplitude = -0.6112
    D(    1) --> V(   57) amplitude =  0.7831

 Excited state  58: excitation energy (eV) =    2877.2672
 Total energy for state  58:                  -394.71992335 au
    Multiplicity: Singlet
    Trans. Mom.:  0.0000 X  -0.0000 Y  -0.0007 Z
    Strength   :     0.0000332946
    D(    1) --> V(   58) amplitude =  0.9527

 Excited state  59: excitation energy (eV) =    2877.2719
 Total energy for state  59:                  -394.71974915 au
    Multiplicity: Singlet
    Trans. Mom.:  0.0000 X  -0.0007 Y   0.0000 Z
    Strength   :     0.0000338115
    D(    1) --> V(   59) amplitude =  0.9527

 Excited state  60: excitation energy (eV) =    2878.4768
 Total energy for state  60:                  -394.67547000 au
    Multiplicity: Singlet
    Trans. Mom.:  0.0000 X  -0.0000 Y  -0.0004 Z
    Strength   :     0.0000110719
    D(    1) --> V(   61) amplitude =  0.9640

 Excited state  61: excitation energy (eV) =    2878.4768
 Total energy for state  61:                  -394.67546900 au
    Multiplicity: Singlet
    Trans. Mom.: -0.0000 X  -0.0004 Y   0.0000 Z
    Strength   :     0.0000110439
    D(    1) --> V(   60) amplitude =  0.9639

 Excited state  62: excitation energy (eV) =    2882.7317
 Total energy for state  62:                  -394.51910408 au
    Multiplicity: Singlet
    Trans. Mom.: -0.0000 X   0.0026 Y  -0.0000 Z
    Strength   :     0.0004845946
    D(    1) --> V(   62) amplitude =  0.9834

 Excited state  63: excitation energy (eV) =    2882.7327
 Total energy for state  63:                  -394.51906739 au
    Multiplicity: Singlet
    Trans. Mom.: -0.0000 X  -0.0000 Y  -0.0026 Z
    Strength   :     0.0004858598
    D(    1) --> V(   63) amplitude =  0.9835

 Excited state  64: excitation energy (eV) =    2882.9493
 Total energy for state  64:                  -394.51110807 au
    Multiplicity: Singlet
    Trans. Mom.:  0.0000 X  -0.0000 Y  -0.0000 Z
    Strength   :     0.0000000056
    D(    1) --> V(   65) amplitude =  1.0000

 Excited state  65: excitation energy (eV) =    2883.0952
 Total energy for state  65:                  -394.50574892 au
    Multiplicity: Singlet
    Trans. Mom.: -0.0021 X   0.0000 Y  -0.0000 Z
    Strength   :     0.0003110498
    D(    1) --> V(   64) amplitude = -0.6323
    D(    1) --> V(   66) amplitude =  0.7723

 Excited state  66: excitation energy (eV) =    2884.4404
 Total energy for state  66:                  -394.45631341 au
    Multiplicity: Singlet
    Trans. Mom.:  0.0061 X   0.0000 Y  -0.0000 Z
    Strength   :     0.0025894323
    D(    1) --> V(   64) amplitude =  0.7526
    D(    1) --> V(   66) amplitude =  0.6305

 Excited state  67: excitation energy (eV) =    2888.9111
 Total energy for state  67:                  -394.29201604 au
    Multiplicity: Singlet
    Trans. Mom.: -0.0000 X   0.0121 Y   0.0020 Z
    Strength   :     0.0105891877
    D(    1) --> V(   68) amplitude =  0.7578
    D(    1) --> V(   73) amplitude =  0.5859

 Excited state  68: excitation energy (eV) =    2888.9113
 Total energy for state  68:                  -394.29201140 au
    Multiplicity: Singlet
    Trans. Mom.:  0.0000 X  -0.0020 Y   0.0121 Z
    Strength   :     0.0105773448
    D(    1) --> V(   67) amplitude =  0.7580
    D(    1) --> V(   74) amplitude =  0.5856

 Excited state  69: excitation energy (eV) =    2889.2004
 Total energy for state  69:                  -394.28138430 au
    Multiplicity: Singlet
    Trans. Mom.:  0.0122 X   0.0000 Y  -0.0000 Z
    Strength   :     0.0104923191
    D(    1) --> V(   69) amplitude =  0.8189
    D(    1) --> V(   70) amplitude = -0.5247

 Excited state  70: excitation energy (eV) =    2890.0303
 Total energy for state  70:                  -394.25088557 au
    Multiplicity: Singlet
    Trans. Mom.:  0.0000 X   0.0002 Y   0.0125 Z
    Strength   :     0.0111124289
    D(    1) --> V(   67) amplitude = -0.6212
    D(    1) --> V(   71) amplitude =  0.2191
    D(    1) --> V(   74) amplitude =  0.7280

 Excited state  71: excitation energy (eV) =    2890.0310
 Total energy for state  71:                  -394.25086039 au
    Multiplicity: Singlet
    Trans. Mom.:  0.0000 X   0.0125 Y  -0.0002 Z
    Strength   :     0.0111001699
    D(    1) --> V(   68) amplitude = -0.6216
    D(    1) --> V(   72) amplitude = -0.2189
    D(    1) --> V(   73) amplitude =  0.7277

 Excited state  72: excitation energy (eV) =    2890.5966
 Total energy for state  72:                  -394.23007668 au
    Multiplicity: Singlet
    Trans. Mom.: -0.0046 X   0.0000 Y   0.0000 Z
    Strength   :     0.0015023702
    D(    1) --> V(   69) amplitude =  0.5350
    D(    1) --> V(   70) amplitude =  0.8394

 Excited state  73: excitation energy (eV) =    2894.2526
 Total energy for state  73:                  -394.09572185 au
    Multiplicity: Singlet
    Trans. Mom.:  0.0000 X   0.0000 Y  -0.0003 Z
    Strength   :     0.0000059592
    D(    1) --> V(   71) amplitude =  0.9600
    D(    1) --> V(   74) amplitude = -0.2781

 Excited state  74: excitation energy (eV) =    2894.2541
 Total energy for state  74:                  -394.09566656 au
    Multiplicity: Singlet
    Trans. Mom.:  0.0000 X   0.0003 Y   0.0000 Z
    Strength   :     0.0000058440
    D(    1) --> V(   72) amplitude =  0.9601
    D(    1) --> V(   73) amplitude =  0.2779

 Excited state  75: excitation energy (eV) =    2899.5899
 Total energy for state  75:                  -393.89957697 au
    Multiplicity: Singlet
    Trans. Mom.: -0.0000 X  -0.0039 Y   0.0000 Z
    Strength   :     0.0010771676
    D(    1) --> V(   75) amplitude =  0.9748

 Excited state  76: excitation energy (eV) =    2899.5911
 Total energy for state  76:                  -393.89953305 au
    Multiplicity: Singlet
    Trans. Mom.:  0.0000 X  -0.0000 Y  -0.0039 Z
    Strength   :     0.0010764191
    D(    1) --> V(   76) amplitude =  0.9748

 Excited state  77: excitation energy (eV) =    2902.9348
 Total energy for state  77:                  -393.77665645 au
    Multiplicity: Singlet
    Trans. Mom.: -0.0000 X  -0.0041 Y   0.0000 Z
    Strength   :     0.0011774643
    D(    1) --> V(   77) amplitude =  0.9874

 Excited state  78: excitation energy (eV) =    2902.9361
 Total energy for state  78:                  -393.77660676 au
    Multiplicity: Singlet
    Trans. Mom.: -0.0000 X   0.0000 Y   0.0041 Z
    Strength   :     0.0011780871
    D(    1) --> V(   78) amplitude =  0.9876

 Excited state  79: excitation energy (eV) =    2903.5933
 Total energy for state  79:                  -393.75245758 au
    Multiplicity: Singlet
    Trans. Mom.: -0.0066 X   0.0000 Y  -0.0000 Z
    Strength   :     0.0031005867
    D(    1) --> V(   79) amplitude =  0.9836

 Excited state  80: excitation energy (eV) =    2911.8597
 Total energy for state  80:                  -393.44867002 au
    Multiplicity: Singlet
    Trans. Mom.: -0.0075 X  -0.0000 Y   0.0000 Z
    Strength   :     0.0040405697
    D(    1) --> V(   82) amplitude =  0.9846

 Excited state  81: excitation energy (eV) =    2912.6400
 Total energy for state  81:                  -393.41999666 au
    Multiplicity: Singlet
    Trans. Mom.: -0.0000 X   0.0011 Y  -0.0000 Z
    Strength   :     0.0000894073
    D(    1) --> V(   80) amplitude =  0.9997

 Excited state  82: excitation energy (eV) =    2912.6403
 Total energy for state  82:                  -393.41998356 au
    Multiplicity: Singlet
    Trans. Mom.:  0.0000 X   0.0000 Y   0.0011 Z
    Strength   :     0.0000893920
    D(    1) --> V(   81) amplitude =  0.9997

 Excited state  83: excitation energy (eV) =    2919.7596
 Total energy for state  83:                  -393.15835487 au
    Multiplicity: Singlet
    Trans. Mom.:  0.0000 X   0.0000 Y   0.0000 Z
    Strength   :     0.0000000000
    D(    1) --> V(   83) amplitude =  1.0000

 Excited state  84: excitation energy (eV) =    2920.8380
 Total energy for state  84:                  -393.11872587 au
    Multiplicity: Singlet
    Trans. Mom.:  0.0000 X   0.0014 Y  -0.0000 Z
    Strength   :     0.0001420324
    D(    1) --> V(   84) amplitude =  0.9987

 Excited state  85: excitation energy (eV) =    2920.8387
 Total energy for state  85:                  -393.11869980 au
    Multiplicity: Singlet
    Trans. Mom.: -0.0000 X  -0.0000 Y  -0.0014 Z
    Strength   :     0.0001420068
    D(    1) --> V(   85) amplitude =  0.9987

 Excited state  86: excitation energy (eV) =    2925.5556
 Total energy for state  86:                  -392.94535572 au
    Multiplicity: Singlet
    Trans. Mom.:  0.0029 X  -0.0000 Y   0.0000 Z
    Strength   :     0.0006181186
    D(    1) --> V(   86) amplitude =  0.9969

 Excited state  87: excitation energy (eV) =    2927.3983
 Total energy for state  87:                  -392.87763701 au
    Multiplicity: Singlet
    Trans. Mom.:  0.0000 X   0.0022 Y  -0.0000 Z
    Strength   :     0.0003471972
    D(    1) --> V(   87) amplitude =  0.9988

 Excited state  88: excitation energy (eV) =    2927.4001
 Total energy for state  88:                  -392.87757133 au
    Multiplicity: Singlet
    Trans. Mom.:  0.0000 X  -0.0000 Y  -0.0022 Z
    Strength   :     0.0003471656
    D(    1) --> V(   88) amplitude =  0.9988

 Excited state  89: excitation energy (eV) =    2939.4053
 Total energy for state  89:                  -392.43639111 au
    Multiplicity: Singlet
    Trans. Mom.:  0.0075 X   0.0000 Y   0.0000 Z
    Strength   :     0.0040437886
    D(    1) --> V(   89) amplitude =  0.9968

 Excited state  90: excitation energy (eV) =    2945.0723
 Total energy for state  90:                  -392.22813105 au
    Multiplicity: Singlet
    Trans. Mom.:  0.0000 X  -0.0000 Y   0.0000 Z
    Strength   :     0.0000000040
    D(    1) --> V(   90) amplitude =  1.0000

 Excited state  91: excitation energy (eV) =    2945.0770
 Total energy for state  91:                  -392.22795886 au
    Multiplicity: Singlet
    Trans. Mom.: -0.0000 X   0.0000 Y   0.0000 Z
    Strength   :     0.0000000035
    D(    1) --> V(   91) amplitude =  1.0000

 Excited state  92: excitation energy (eV) =    2952.2433
 Total energy for state  92:                  -391.96460105 au
    Multiplicity: Singlet
    Trans. Mom.: -0.0015 X   0.0000 Y  -0.0000 Z
    Strength   :     0.0001615734
    D(    1) --> V(   92) amplitude =  0.9993

 Excited state  93: excitation energy (eV) =    3107.1480
 Total energy for state  93:                  -386.27195701 au
    Multiplicity: Singlet
    Trans. Mom.: -0.0000 X   0.0412 Y   0.0014 Z
    Strength   :     0.1294674029
    D(    1) --> V(   93) amplitude =  0.9993

 Excited state  94: excitation energy (eV) =    3107.1482
 Total energy for state  94:                  -386.27195227 au
    Multiplicity: Singlet
    Trans. Mom.: -0.0000 X   0.0014 Y  -0.0412 Z
    Strength   :     0.1294672445
    D(    1) --> V(   94) amplitude =  0.9993

 Excited state  95: excitation energy (eV) =    3117.6318
 Total energy for state  95:                  -385.88668653 au
    Multiplicity: Singlet
    Trans. Mom.:  0.0408 X   0.0000 Y  -0.0000 Z
    Strength   :     0.1269666470
    D(    1) --> V(   95) amplitude =  0.9992

 Excited state  96: excitation energy (eV) =    3438.7513
 Total energy for state  96:                  -374.08576082 au
    Multiplicity: Singlet
    Trans. Mom.: -0.0001 X   0.0000 Y  -0.0000 Z
    Strength   :     0.0000007314
    D(    1) --> V(   96) amplitude =  0.9999

 Excited state  97: excitation energy (eV) =    3511.2954
 Total energy for state  97:                  -371.41981417 au
    Multiplicity: Singlet
    Trans. Mom.:  0.0001 X  -0.0000 Y   0.0000 Z
    Strength   :     0.0000010079
    D(    1) --> V(   97) amplitude =  0.9999
 
 ---------------------------------------------------
 Starting SETmanPost()
  SETman timing summary (seconds)
  CPU time                64.99s
  System time              0.00s
  Wall time               25.35s
 
 --------------------------------------------------------------
 
                    Orbital Energies (a.u.)
 --------------------------------------------------------------
 
 Alpha MOs
 -- Occupied --
 -103.98462   -10.53145    -9.73375    -7.37617    -7.37120    -7.37120
   -0.87724    -0.70114    -0.46630    -0.46629    -0.42512    -0.31027
   -0.31027
 -- Virtual --
   -0.00041     0.01914     0.04762     0.04763     0.07234     0.09755
    0.09897     0.09898     0.12790     0.12792     0.18859     0.19330
    0.19333     0.23039     0.23044     0.24082     0.25630     0.25964
    0.25964     0.29139     0.31405     0.31409     0.31707     0.35511
    0.36286     0.36288     0.40026     0.40029     0.42651     0.47527
    0.47535     0.54446     0.60312     0.60319     0.62493     0.62505
    0.66618     0.69571     0.69641     0.69649     0.77594     0.77618
    0.79201     0.91570     0.91572     1.05549     1.05551     1.10970
    1.32321     1.59596     1.69003     1.69007     1.70994     1.80018
    1.80022     1.80024     1.92659     1.95886     1.95904     2.00072
    2.00074     2.06747     2.06750     2.08196     2.11484     2.13053
    2.31010     2.31013     2.32016     2.42169     2.43150     2.43157
    2.45625     2.45627     2.64815     2.64819     2.81182     2.81187
    2.81400     3.12744     3.12745     3.13635     3.38292     3.43498
    3.43500     3.60893     3.67258     3.67265     4.16961     4.30913
    4.30930     4.57816    11.06917    11.06917    11.44663    22.46297
   25.88595
 --------------------------------------------------------------
 
          Ground-State Mulliken Net Atomic Charges

     Atom                 Charge (a.u.)
  ----------------------------------------
      1 Cl                   -0.203338
      2 C                    -0.437933
      3 H                     0.213713
      4 H                     0.213711
      5 H                     0.213847
  ----------------------------------------
  Sum of atomic charges =     0.000000

 -----------------------------------------------------------------
                    Cartesian Multipole Moments
 -----------------------------------------------------------------
    Charge (ESU x 10^10)
                 0.0000
    Dipole Moment (Debye)
         X       1.9359      Y      -0.0002      Z       0.0000
       Tot       1.9359
    Quadrupole Moments (Debye-Ang)
        XX     -18.3384     XY       0.0000     YY     -20.0575
        XZ       0.0000     YZ      -0.0000     ZZ     -20.0577
    Octopole Moments (Debye-Ang^2)
       XXX      -2.1884    XXY      -0.0000    XYY       0.9831
       YYY       0.7917    XXZ       0.0000    XYZ       0.0000
       YYZ      -0.0022    XZZ       0.9828    YZZ      -0.7936
       ZZZ       0.0022
    Hexadecapole Moments (Debye-Ang^3)
      XXXX    -118.6373   XXXY       0.0004   XXYY     -24.7718
      XYYY       1.1587   YYYY     -29.6882   XXXZ       0.0000
      XXYZ      -0.0000   XYYZ      -0.0033   YYYZ      -0.0000
      XXZZ     -24.7724   XYZZ      -1.1580   YYZZ      -9.8960
      XZZZ       0.0033   YZZZ       0.0000   ZZZZ     -29.6879
 -----------------------------------------------------------------
 Total job time:  33.84s(wall), 184.45s(cpu) 
 Wed Oct 11 15:34:21 2023

        *************************************************************
        *                                                           *
        *  Thank you very much for using Q-Chem.  Have a nice day.  *
        *                                                           *
        *************************************************************


